"id","codMuni","provincia","municipio"
"1","BUE001","Buenos Aires","Adolfo Alsina"
"2","BUE002","Buenos Aires","Adolfo Gonzáles Chaves"
"3","BUE003","Buenos Aires","Alberti"
"4","BUE004","Buenos Aires","Almirante Brown"
"11","BUE011","Buenos Aires","Arrecifes"
"5","BUE005","Buenos Aires","Avellaneda"
"6","BUE006","Buenos Aires","Ayacucho"
"7","BUE007","Buenos Aires","Azul"
"8","BUE008","Buenos Aires","Bahía Blanca"
"9","BUE009","Buenos Aires","Balcarce"
"10","BUE010","Buenos Aires","Baradero"
"12","BUE012","Buenos Aires","Benito Juárez"
"13","BUE013","Buenos Aires","Berazategui"
"14","BUE014","Buenos Aires","Berisso"
"15","BUE015","Buenos Aires","Bolívar"
"16","BUE016","Buenos Aires","Bragado"
"28","BUE028","Buenos Aires","Brandsen"
"17","BUE017","Buenos Aires","Campana"
"18","BUE018","Buenos Aires","Cañuelas"
"19","BUE019","Buenos Aires","Capitán Sarmiento"
"20","BUE020","Buenos Aires","Carlos Casares"
"21","BUE021","Buenos Aires","Carlos Tejedor"
"22","BUE022","Buenos Aires","Carmen de Areco"
"23","BUE023","Buenos Aires","Castelli"
"24","BUE024","Buenos Aires","Chacabuco"
"25","BUE025","Buenos Aires","Chascomús"
"26","BUE026","Buenos Aires","Chivilcoy"
"27","BUE027","Buenos Aires","Colón"
"29","BUE029","Buenos Aires","Coronel de Marina Leonardo Rosales"
"30","BUE030","Buenos Aires","Coronel Dorrego"
"31","BUE031","Buenos Aires","Coronel Pringles"
"32","BUE032","Buenos Aires","Coronel Suárez"
"33","BUE033","Buenos Aires","Daireaux"
"34","BUE034","Buenos Aires","Dolores"
"35","BUE035","Buenos Aires","Ensenada"
"36","BUE036","Buenos Aires","Escobar"
"37","BUE037","Buenos Aires","Esteban Echeverría"
"38","BUE038","Buenos Aires","Exaltación de La Cruz"
"39","BUE039","Buenos Aires","Ezeiza"
"40","BUE040","Buenos Aires","Florencio Varela"
"41","BUE041","Buenos Aires","Florentino Ameghino"
"42","BUE042","Buenos Aires","General Alvarado"
"43","BUE043","Buenos Aires","General Alvear"
"44","BUE044","Buenos Aires","General Arenales"
"45","BUE045","Buenos Aires","General Belgrano"
"46","BUE046","Buenos Aires","General Guido"
"47","BUE047","Buenos Aires","General Juan Madariaga"
"48","BUE048","Buenos Aires","General Lamadrid"
"49","BUE049","Buenos Aires","General Las Heras"
"50","BUE050","Buenos Aires","General Lavalle"
"51","BUE051","Buenos Aires","General Paz"
"52","BUE052","Buenos Aires","General Pinto"
"53","BUE053","Buenos Aires","General Pueyrredón"
"54","BUE054","Buenos Aires","General Rodríguez"
"55","BUE055","Buenos Aires","General San Martín"
"56","BUE056","Buenos Aires","General Viamonte"
"57","BUE057","Buenos Aires","General Villegas"
"58","BUE058","Buenos Aires","Guaminí"
"59","BUE059","Buenos Aires","Hipólito Yrigoyen"
"60","BUE060","Buenos Aires","Hurlingham"
"61","BUE061","Buenos Aires","Ituzaingó"
"62","BUE062","Buenos Aires","José C. Paz"
"63","BUE063","Buenos Aires","Junín"
"64","BUE064","Buenos Aires","La Costa"
"65","BUE065","Buenos Aires","La Matanza"
"66","BUE066","Buenos Aires","La Plata"
"67","BUE067","Buenos Aires","Lanús"
"68","BUE068","Buenos Aires","Laprida"
"69","BUE069","Buenos Aires","Las Flores"
"70","BUE070","Buenos Aires","Leandro N. Alem"
"135","BUE135","Buenos Aires","Lezama"
"71","BUE071","Buenos Aires","Lincoln"
"72","BUE072","Buenos Aires","Lobería"
"73","BUE073","Buenos Aires","Lobos"
"74","BUE074","Buenos Aires","Lomas de Zamora"
"75","BUE075","Buenos Aires","Luján"
"76","BUE076","Buenos Aires","Magdalena"
"77","BUE077","Buenos Aires","Maipú"
"78","BUE078","Buenos Aires","Malvinas Argentinas"
"79","BUE079","Buenos Aires","Mar Chiquita"
"80","BUE080","Buenos Aires","Marcos Paz"
"81","BUE081","Buenos Aires","Mercedes"
"82","BUE082","Buenos Aires","Merlo"
"83","BUE083","Buenos Aires","Monte"
"84","BUE084","Buenos Aires","Monte Hermoso"
"85","BUE085","Buenos Aires","Moreno"
"86","BUE086","Buenos Aires","Morón"
"87","BUE087","Buenos Aires","Navarro"
"88","BUE088","Buenos Aires","Necochea"
"89","BUE089","Buenos Aires","Nueve de Julio"
"90","BUE090","Buenos Aires","Olavarría"
"91","BUE091","Buenos Aires","Patagones"
"92","BUE092","Buenos Aires","Pehuajó"
"93","BUE093","Buenos Aires","Pellegrini"
"94","BUE094","Buenos Aires","Pergamino"
"95","BUE095","Buenos Aires","Pila"
"96","BUE096","Buenos Aires","Pilar"
"97","BUE097","Buenos Aires","Pinamar"
"98","BUE098","Buenos Aires","Presidente Perón"
"99","BUE099","Buenos Aires","Puán"
"100","BUE100","Buenos Aires","Punta Indio"
"101","BUE101","Buenos Aires","Quilmes"
"102","BUE102","Buenos Aires","Ramallo"
"103","BUE103","Buenos Aires","Rauch"
"104","BUE104","Buenos Aires","Rivadavia"
"105","BUE105","Buenos Aires","Rojas"
"106","BUE106","Buenos Aires","Roque Pérez"
"107","BUE107","Buenos Aires","Saavedra"
"108","BUE108","Buenos Aires","Saladillo"
"109","BUE109","Buenos Aires","Salliqueló"
"110","BUE110","Buenos Aires","Salto"
"111","BUE111","Buenos Aires","San Andrés de Giles"
"112","BUE112","Buenos Aires","San Antonio de Areco"
"113","BUE113","Buenos Aires","San Cayetano"
"114","BUE114","Buenos Aires","San Fernando"
"115","BUE115","Buenos Aires","San Isidro"
"116","BUE116","Buenos Aires","San Miguel"
"117","BUE117","Buenos Aires","San Nicolás de Los Arroyos"
"118","BUE118","Buenos Aires","San Pedro"
"119","BUE119","Buenos Aires","San Vicente"
"120","BUE120","Buenos Aires","Suipacha"
"121","BUE121","Buenos Aires","Tandil"
"122","BUE122","Buenos Aires","Tapalqué"
"123","BUE123","Buenos Aires","Tigre"
"124","BUE124","Buenos Aires","Tordillo"
"125","BUE125","Buenos Aires","Tornquist"
"126","BUE126","Buenos Aires","Trenque Lauquen"
"127","BUE127","Buenos Aires","Tres Arroyos"
"128","BUE128","Buenos Aires","Tres de Febrero"
"129","BUE129","Buenos Aires","Tres Lomas"
"130","BUE130","Buenos Aires","Veinticinco de Mayo"
"131","BUE131","Buenos Aires","Vicente López"
"132","BUE132","Buenos Aires","Villa Gesell"
"133","BUE133","Buenos Aires","Villarino"
"134","BUE134","Buenos Aires","Zárate"
"136","CAT001","Catamarca","Aconquija"
"137","CAT002","Catamarca","Ancasti"
"138","CAT003","Catamarca","Andalgalá"
"139","CAT004","Catamarca","Antofagasta de La Sierra"
"140","CAT005","Catamarca","Belén"
"141","CAT006","Catamarca","Capayán"
"142","CAT007","Catamarca","Corral Quemado"
"143","CAT008","Catamarca","El Alto"
"159","CAT024","Catamarca","El Rodeo"
"144","CAT009","Catamarca","Fiambalá"
"145","CAT010","Catamarca","Fray Mamerto Esquiú"
"146","CAT011","Catamarca","Hualfín"
"147","CAT012","Catamarca","Huillapima"
"148","CAT013","Catamarca","Icaño"
"149","CAT014","Catamarca","La Puerta"
"150","CAT015","Catamarca","Las Juntas"
"151","CAT016","Catamarca","Londres"
"170","CAT035","Catamarca","Los Altos"
"152","CAT017","Catamarca","Los Varela"
"171","CAT036","Catamarca","Mutquín"
"153","CAT018","Catamarca","Paclín"
"154","CAT019","Catamarca","Pomán"
"155","CAT020","Catamarca","Pozo de La Piedra"
"156","CAT021","Catamarca","Puerta de Corral Quemado"
"157","CAT022","Catamarca","Puerta de San José"
"158","CAT023","Catamarca","Recreo"
"160","CAT025","Catamarca","San Fernando"
"161","CAT026","Catamarca","San Fernando del Valle de Catamarca"
"162","CAT027","Catamarca","San José"
"163","CAT028","Catamarca","Santa María"
"164","CAT029","Catamarca","Santa Rosa"
"165","CAT030","Catamarca","Saujil"
"166","CAT031","Catamarca","Tapso"
"167","CAT032","Catamarca","Tinogasta"
"168","CAT033","Catamarca","Valle Viejo"
"169","CAT034","Catamarca","Villa Vil"
"600","CHA001","Chaco","Aviá Teraí"
"601","CHA002","Chaco","Barranqueras"
"602","CHA003","Chaco","Basail"
"603","CHA004","Chaco","Campo Largo"
"604","CHA005","Chaco","Capitán Solari"
"605","CHA006","Chaco","Charadai"
"606","CHA007","Chaco","Charata"
"607","CHA008","Chaco","Chorotis"
"608","CHA009","Chaco","Ciervo Petiso"
"609","CHA010","Chaco","Colonia Benítez"
"610","CHA011","Chaco","Colonia Elisa"
"611","CHA012","Chaco","Colonia Popular"
"612","CHA013","Chaco","Colonias Unidas"
"613","CHA014","Chaco","Concepción Del Bermejo"
"614","CHA015","Chaco","Coronel Du Graty"
"615","CHA016","Chaco","Corzuela"
"616","CHA017","Chaco","Cote Lai"
"617","CHA018","Chaco","El Sauzalito"
"618","CHA019","Chaco","Enrique Urien"
"619","CHA020","Chaco","Fontana"
"620","CHA021","Chaco","Fuerte Esperanza"
"621","CHA022","Chaco","Gancedo"
"622","CHA023","Chaco","General Capdevila"
"623","CHA024","Chaco","General Pinedo"
"624","CHA025","Chaco","General San Martín"
"625","CHA026","Chaco","General Vedia"
"626","CHA027","Chaco","Hermoso Campo"
"627","CHA028","Chaco","Isla del Cerrito"
"628","CHA029","Chaco","Juan José Castelli"
"629","CHA030","Chaco","La Clotilde"
"630","CHA031","Chaco","La Eduvigis"
"631","CHA032","Chaco","La Escondida"
"632","CHA033","Chaco","La Leonesa"
"633","CHA034","Chaco","La Tigra"
"634","CHA035","Chaco","La Verde"
"635","CHA036","Chaco","Laguna Blanca"
"636","CHA037","Chaco","Laguna Limpia"
"637","CHA038","Chaco","Lapachito"
"638","CHA039","Chaco","Las Breñas"
"639","CHA040","Chaco","Las Garcitas"
"640","CHA041","Chaco","Las Palmas"
"641","CHA042","Chaco","Los Frentones"
"642","CHA043","Chaco","Machagai"
"643","CHA044","Chaco","Makallé"
"644","CHA045","Chaco","Margarita Belén"
"645","CHA046","Chaco","Miraflores"
"646","CHA047","Chaco","Misión Nueva Pompeya"
"647","CHA048","Chaco","Napenay"
"648","CHA049","Chaco","Pampa Almirón"
"649","CHA050","Chaco","Pampa del Indio"
"650","CHA051","Chaco","Pampa del Infierno"
"651","CHA052","Chaco","Presidencia de La Plaza"
"652","CHA053","Chaco","Presidencia Roca"
"653","CHA054","Chaco","Presidencia Roque Sáenz Peña"
"654","CHA055","Chaco","Puerto Bermejo"
"655","CHA056","Chaco","Puerto Eva Perón"
"656","CHA057","Chaco","Puerto Tirol"
"657","CHA058","Chaco","Puerto Vilelas"
"658","CHA059","Chaco","Quitilipi"
"659","CHA060","Chaco","Resistencia"
"660","CHA061","Chaco","Samuhú"
"661","CHA062","Chaco","San Bernardo"
"662","CHA063","Chaco","Santa Sylvina"
"663","CHA064","Chaco","Taco Pozo"
"664","CHA065","Chaco","Tres Isletas"
"665","CHA066","Chaco","Villa Ángela"
"666","CHA067","Chaco","Villa Berthet"
"667","CHA068","Chaco","Villa Río Bermejito"
"713","CHU046","Chubut","Aldea Apeleg"
"668","CHU001","Chubut","Aldea Beleiro"
"669","CHU002","Chubut","Aldea Epulef"
"670","CHU003","Chubut","Alto Río Senguer"
"671","CHU004","Chubut","Buen Pasto"
"672","CHU005","Chubut","Camarones"
"673","CHU006","Chubut","Carrenleufú"
"712","CHU045","Chubut","Cerro Centinela"
"674","CHU007","Chubut","Cholila"
"675","CHU008","Chubut","Colan Conhué"
"676","CHU009","Chubut","Comodoro Rivadavia"
"677","CHU010","Chubut","Corcovado"
"678","CHU011","Chubut","Cushamen"
"679","CHU012","Chubut","Dique Florentino Ameghino"
"680","CHU013","Chubut","Doctor Ricardo Rojas"
"681","CHU014","Chubut","Dolavon"
"682","CHU015","Chubut","El Hoyo"
"683","CHU016","Chubut","El Maitén"
"684","CHU017","Chubut","Epuyén"
"685","CHU018","Chubut","Esquel"
"686","CHU019","Chubut","Facundo"
"687","CHU020","Chubut","Gaiman"
"688","CHU021","Chubut","Gan Gan"
"689","CHU022","Chubut","Gastre"
"690","CHU023","Chubut","Gobernador Costa"
"691","CHU024","Chubut","Gualjaina"
"692","CHU025","Chubut","José de San Martín"
"693","CHU026","Chubut","Lago Blanco"
"694","CHU027","Chubut","Lago Puelo"
"695","CHU028","Chubut","Lagunita Salada"
"696","CHU029","Chubut","Las Plumas"
"697","CHU030","Chubut","Los Altares"
"698","CHU031","Chubut","Paso de Indios"
"699","CHU032","Chubut","Paso del Sapo"
"700","CHU033","Chubut","Puerto Madryn"
"701","CHU034","Chubut","Puerto Pirámide"
"702","CHU035","Chubut","Rada Tilly"
"703","CHU036","Chubut","Rawson"
"704","CHU037","Chubut","Río Mayo"
"705","CHU038","Chubut","Río Pico"
"706","CHU039","Chubut","Sarmiento"
"707","CHU040","Chubut","Tecka"
"708","CHU041","Chubut","Telsen"
"709","CHU042","Chubut","Trelew"
"710","CHU043","Chubut","Trevelin"
"711","CHU044","Chubut","Veintiocho de Julio"
"172","CBA001","Córdoba","Achiras"
"173","CBA002","Córdoba","Adelia María"
"174","CBA003","Córdoba","Agua de Oro"
"175","CBA004","Córdoba","Alcira Gigena"
"176","CBA005","Córdoba","Aldea Santa María"
"177","CBA006","Córdoba","Alejandro Roca"
"178","CBA007","Córdoba","Alejo Ledesma"
"179","CBA008","Córdoba","Alicia"
"180","CBA009","Córdoba","Almafuerte"
"181","CBA010","Córdoba","Alpa Corral"
"182","CBA011","Córdoba","Alta Gracia"
"183","CBA012","Córdoba","Alto Alegre"
"184","CBA013","Córdoba","Alto de Los Quebrachos"
"185","CBA014","Córdoba","Altos de Chipion"
"186","CBA015","Córdoba","Amboy"
"187","CBA016","Córdoba","Ámbul"
"188","CBA017","Córdoba","Ana Zumarán"
"189","CBA018","Córdoba","Anisacate"
"190","CBA019","Córdoba","Arias"
"191","CBA020","Córdoba","Arroyito"
"192","CBA021","Córdoba","Arroyo Algodón"
"193","CBA022","Córdoba","Arroyo Cabral"
"194","CBA023","Córdoba","Arroyo de Los Patos"
"195","CBA024","Córdoba","Assunta"
"196","CBA025","Córdoba","Atahona"
"197","CBA026","Córdoba","Ausonia"
"198","CBA027","Córdoba","Avellaneda"
"199","CBA028","Córdoba","Ballesteros"
"200","CBA029","Córdoba","Ballesteros Sud"
"201","CBA030","Córdoba","Balnearia"
"202","CBA031","Córdoba","Bañado de Soto"
"203","CBA032","Córdoba","Bell Ville"
"204","CBA033","Córdoba","Bengolea"
"205","CBA034","Córdoba","Benjamín Gould"
"206","CBA035","Córdoba","Berrotarán"
"207","CBA036","Córdoba","Bialet Massé"
"208","CBA037","Córdoba","Bouwer"
"209","CBA038","Córdoba","Brinkmann"
"210","CBA039","Córdoba","Buchardo"
"211","CBA040","Córdoba","Bulnes"
"212","CBA041","Córdoba","Cabalango"
"213","CBA042","Córdoba","Calchín"
"214","CBA043","Córdoba","Calchín Oeste"
"215","CBA044","Córdoba","Calmayo"
"216","CBA045","Córdoba","Camilo Aldao"
"217","CBA046","Córdoba","Caminiaga"
"220","CBA049","Córdoba","Cañada de Luque"
"221","CBA050","Córdoba","Cañada de Machado"
"222","CBA051","Córdoba","Cañada de Río Pinto"
"218","CBA047","Córdoba","Canals"
"219","CBA048","Córdoba","Candelaria Sud"
"224","CBA053","Córdoba","Capilla de Los Remedios"
"225","CBA054","Córdoba","Capilla de Sitón"
"226","CBA055","Córdoba","Capilla del Carmen"
"227","CBA056","Córdoba","Capilla del Monte"
"228","CBA057","Córdoba","Capitán General Bernardo O'Higgins"
"229","CBA058","Córdoba","Carnerillo"
"230","CBA059","Córdoba","Carrilobo"
"231","CBA060","Córdoba","Casa Grande"
"232","CBA061","Córdoba","Cavanagh"
"233","CBA062","Córdoba","Cerro Colorado"
"234","CBA063","Córdoba","Chaján"
"235","CBA064","Córdoba","Chalacea"
"237","CBA066","Córdoba","Chañar Viejo"
"236","CBA065","Córdoba","Chancaní"
"238","CBA067","Córdoba","Charbonier"
"239","CBA068","Córdoba","Charras"
"240","CBA069","Córdoba","Chazón"
"241","CBA070","Córdoba","Chilibroste"
"242","CBA071","Córdoba","Chucul"
"243","CBA072","Córdoba","Chuña"
"244","CBA073","Córdoba","Chuña Huasi"
"245","CBA074","Córdoba","Churqui Cañada"
"246","CBA075","Córdoba","Ciénaga del Coro"
"247","CBA076","Córdoba","Cintra"
"248","CBA077","Córdoba","Colazo"
"249","CBA078","Córdoba","Colonia Almada"
"250","CBA079","Córdoba","Colonia Anita"
"251","CBA080","Córdoba","Colonia Barge"
"252","CBA081","Córdoba","Colonia Bismarck"
"253","CBA082","Córdoba","Colonia Bremen"
"254","CBA083","Córdoba","Colonia Caroya"
"255","CBA084","Córdoba","Colonia Italiana"
"256","CBA085","Córdoba","Colonia Iturraspe"
"257","CBA086","Córdoba","Colonia Las Cuatro Esquinas"
"258","CBA087","Córdoba","Colonia Las Pichanas"
"259","CBA088","Córdoba","Colonia Marina"
"260","CBA089","Córdoba","Colonia Prosperidad"
"261","CBA090","Córdoba","Colonia San Bartolomé"
"262","CBA091","Córdoba","Colonia San Pedro"
"263","CBA092","Córdoba","Colonia Tirolesa"
"267","CBA096","Córdoba","Colonia Valtelina"
"264","CBA093","Córdoba","Colonia Vicente Agüero"
"265","CBA094","Córdoba","Colonia Videla"
"266","CBA095","Córdoba","Colonia Vignaud"
"268","CBA097","Córdoba","Comechingones"
"269","CBA098","Córdoba","Conlara"
"270","CBA099","Córdoba","Copacabana"
"271","CBA100","Córdoba","Córdoba"
"272","CBA101","Córdoba","Coronel Baigorria"
"273","CBA102","Córdoba","Coronel Moldes"
"274","CBA103","Córdoba","Corral de Bustos"
"275","CBA104","Córdoba","Corralito"
"276","CBA105","Córdoba","Cosquín"
"277","CBA106","Córdoba","Costa Sacate"
"278","CBA107","Córdoba","Cruz Alta"
"279","CBA108","Córdoba","Cruz de Caña"
"280","CBA109","Córdoba","Cruz del Eje"
"281","CBA110","Córdoba","Cuesta Blanca"
"282","CBA111","Córdoba","Dalmacio Vélez Sarsfield"
"283","CBA112","Córdoba","Deán Funes"
"284","CBA113","Córdoba","Del Campillo"
"285","CBA114","Córdoba","Despeñaderos"
"286","CBA115","Córdoba","Devoto"
"287","CBA116","Córdoba","Diego de Rojas"
"288","CBA117","Córdoba","Dique Chico"
"289","CBA118","Córdoba","El Arañado"
"290","CBA119","Córdoba","El Brete"
"292","CBA121","Córdoba","El Chacho"
"291","CBA120","Córdoba","El Crispín"
"293","CBA122","Córdoba","El Fortín"
"294","CBA123","Córdoba","El Manzano"
"295","CBA124","Córdoba","El Rastreador"
"296","CBA125","Córdoba","El Rodeo"
"297","CBA126","Córdoba","El Tío"
"298","CBA127","Córdoba","Elena"
"299","CBA128","Córdoba","Embalse"
"300","CBA129","Córdoba","Esquina"
"301","CBA130","Córdoba","Estación General Paz"
"302","CBA131","Córdoba","Estación Juárez Celman"
"303","CBA132","Córdoba","Estancia de Guadalupe"
"304","CBA133","Córdoba","Estancia Vieja"
"305","CBA134","Córdoba","Etruria"
"306","CBA135","Córdoba","Eufrasio Loza"
"307","CBA136","Córdoba","Falda del Carmen"
"308","CBA137","Córdoba","Freyre"
"309","CBA138","Córdoba","General Baldissera"
"310","CBA139","Córdoba","General Cabrera"
"311","CBA140","Córdoba","General Deheza"
"312","CBA141","Córdoba","General Fotheringham"
"313","CBA142","Córdoba","General Levalle"
"314","CBA143","Córdoba","General Roca"
"315","CBA144","Córdoba","Guanaco Muerto"
"316","CBA145","Córdoba","Guasapampa"
"317","CBA146","Córdoba","Guatimozín"
"318","CBA147","Córdoba","Gutemberg"
"319","CBA148","Córdoba","Hernando"
"320","CBA149","Córdoba","Huanchilla"
"321","CBA150","Córdoba","Huerta Grande"
"322","CBA151","Córdoba","Huinca Renancó"
"323","CBA152","Córdoba","Idiazábal"
"324","CBA153","Córdoba","Impira"
"325","CBA154","Córdoba","Inriville"
"326","CBA155","Córdoba","Isla Verde"
"327","CBA156","Córdoba","Italó"
"328","CBA157","Córdoba","James Craik"
"329","CBA158","Córdoba","Jesús María"
"330","CBA159","Córdoba","Jovita"
"331","CBA160","Córdoba","Justiniano Posse"
"332","CBA161","Córdoba","Kilómetro 658"
"333","CBA162","Córdoba","La Batea"
"334","CBA163","Córdoba","La Calera"
"335","CBA164","Córdoba","La Carlota"
"336","CBA165","Córdoba","La Carolina El Potosí"
"337","CBA166","Córdoba","La Cautiva"
"338","CBA167","Córdoba","La Cesira"
"339","CBA168","Córdoba","La Cruz"
"340","CBA169","Córdoba","La Cumbre"
"341","CBA170","Córdoba","La Cumbrecita"
"342","CBA171","Córdoba","La Falda"
"343","CBA172","Córdoba","La Francia"
"344","CBA173","Córdoba","La Granja"
"345","CBA174","Córdoba","La Higuera"
"346","CBA175","Córdoba","La Laguna"
"347","CBA176","Córdoba","La Paisanita"
"348","CBA177","Córdoba","La Palestina"
"349","CBA178","Córdoba","La Pampa"
"350","CBA179","Córdoba","La Paquita"
"351","CBA180","Córdoba","La Para"
"352","CBA181","Córdoba","La Paz"
"353","CBA182","Córdoba","La Playa"
"354","CBA183","Córdoba","La Playosa"
"355","CBA184","Córdoba","La Población"
"356","CBA185","Córdoba","La Posta"
"357","CBA186","Córdoba","La Puerta"
"358","CBA187","Córdoba","La Quinta"
"359","CBA188","Córdoba","La Rancherita"
"360","CBA189","Córdoba","La Rinconada"
"361","CBA190","Córdoba","La Serranita"
"362","CBA191","Córdoba","La Tordilla"
"363","CBA192","Córdoba","Laborde"
"364","CBA193","Córdoba","Laboulaye"
"365","CBA194","Córdoba","Laguna Larga"
"366","CBA195","Córdoba","Las Acequias"
"367","CBA196","Córdoba","Las Albahacas"
"368","CBA197","Córdoba","Las Arrias"
"369","CBA198","Córdoba","Las Bajadas"
"370","CBA199","Córdoba","Las Caleras"
"371","CBA200","Córdoba","Las Calles"
"372","CBA201","Córdoba","Las Cañadas"
"373","CBA202","Córdoba","Las Gramillas"
"374","CBA203","Córdoba","Las Higueras"
"375","CBA204","Córdoba","Las Isletillas"
"376","CBA205","Córdoba","Las Junturas"
"377","CBA206","Córdoba","Las Palmas"
"378","CBA207","Córdoba","Las Peñas"
"379","CBA208","Córdoba","Las Peñas Sud"
"380","CBA209","Córdoba","Las Perdices"
"381","CBA210","Córdoba","Las Playas"
"382","CBA211","Córdoba","Las Rabonas"
"383","CBA212","Córdoba","Las Saladas"
"384","CBA213","Córdoba","Las Tapias"
"385","CBA214","Córdoba","Las Varas"
"386","CBA215","Córdoba","Las Varillas"
"387","CBA216","Córdoba","Las Vertientes"
"388","CBA217","Córdoba","Leguizamón"
"389","CBA218","Córdoba","Leones"
"390","CBA219","Córdoba","Los Cedros"
"391","CBA220","Córdoba","Los Cerrillos"
"396","CBA225","Córdoba","Los Chañaritos CE"
"395","CBA224","Córdoba","Los Chañaritos R.S."
"392","CBA221","Córdoba","Los Cisnes"
"393","CBA222","Córdoba","Los Cocos"
"394","CBA223","Córdoba","Los Cóndores"
"397","CBA226","Córdoba","Los Hornillos"
"398","CBA227","Córdoba","Los Hoyos"
"399","CBA228","Córdoba","Los Mistoles"
"400","CBA229","Córdoba","Los Molinos"
"401","CBA230","Córdoba","Los Pozos"
"402","CBA231","Córdoba","Los Reartes"
"403","CBA232","Córdoba","Los Surgentes"
"404","CBA233","Córdoba","Los Talares"
"405","CBA234","Córdoba","Los Zorros"
"406","CBA235","Córdoba","Lozada"
"407","CBA236","Córdoba","Luca"
"408","CBA237","Córdoba","Lucio V. Mansilla"
"409","CBA238","Córdoba","Luque"
"410","CBA239","Córdoba","Lutti"
"411","CBA240","Córdoba","Luyaba"
"412","CBA241","Córdoba","Malagueño"
"413","CBA242","Córdoba","Malena"
"414","CBA243","Córdoba","Malvinas Argentinas"
"415","CBA244","Córdoba","Manfredi"
"416","CBA245","Córdoba","Maquinista Gallini"
"417","CBA246","Córdoba","Marcos Juárez"
"418","CBA247","Córdoba","Marull"
"419","CBA248","Córdoba","Matorrales"
"420","CBA249","Córdoba","Mattaldi"
"421","CBA250","Córdoba","Mayu Sumaj"
"422","CBA251","Córdoba","Media Naranja"
"423","CBA252","Córdoba","Melo"
"424","CBA253","Córdoba","Mendiolaza"
"425","CBA254","Córdoba","Mi Granja"
"426","CBA255","Córdoba","Mina Clavero"
"427","CBA256","Córdoba","Miramar"
"428","CBA257","Córdoba","Monte Buey"
"429","CBA258","Córdoba","Monte Cristo"
"430","CBA259","Córdoba","Monte de Los Gauchos"
"431","CBA260","Córdoba","Monte Leña"
"432","CBA261","Córdoba","Monte Maíz"
"433","CBA262","Córdoba","Monte Ralo"
"434","CBA263","Córdoba","Morrison"
"435","CBA264","Córdoba","Morteros"
"436","CBA265","Córdoba","Nicolás Bruzzone"
"437","CBA266","Córdoba","Noetinger"
"438","CBA267","Córdoba","Nono"
"439","CBA268","Córdoba","Obispo Trejo"
"440","CBA269","Córdoba","Olaeta"
"441","CBA270","Córdoba","Oliva"
"442","CBA271","Córdoba","Olivares de San Nicolás"
"443","CBA272","Córdoba","Onagoyti"
"444","CBA273","Córdoba","Oncativo"
"445","CBA274","Córdoba","Ordóñez"
"446","CBA275","Córdoba","Pacheco de Melo"
"447","CBA276","Córdoba","Pampayasta Norte"
"448","CBA277","Córdoba","Pampayasta Sud"
"449","CBA278","Córdoba","Panaholma"
"450","CBA279","Córdoba","Pascanas"
"451","CBA280","Córdoba","Pasco"
"452","CBA281","Córdoba","Paso del Durazno"
"453","CBA282","Córdoba","Paso Viejo"
"454","CBA283","Córdoba","Pilar"
"455","CBA284","Córdoba","Pincén"
"456","CBA285","Córdoba","Piquillín"
"457","CBA286","Córdoba","Plaza de Mercedes"
"458","CBA287","Córdoba","Plaza Luxardo"
"459","CBA288","Córdoba","Porteña"
"460","CBA289","Córdoba","Potrero de Garay"
"461","CBA290","Córdoba","Pozo del Molle"
"462","CBA291","Córdoba","Pozo Nuevo"
"463","CBA292","Córdoba","Pueblo Italiano"
"464","CBA293","Córdoba","Puesto de Castro"
"465","CBA294","Córdoba","Punta del Agua"
"466","CBA295","Córdoba","Quebracho Herrado"
"467","CBA296","Córdoba","Quilino"
"468","CBA297","Córdoba","Rafael García"
"469","CBA298","Córdoba","Ranqueles"
"470","CBA299","Córdoba","Rayo Cortado"
"471","CBA300","Córdoba","Reducción"
"472","CBA301","Córdoba","Rincón"
"473","CBA302","Córdoba","Río Bamba"
"474","CBA303","Córdoba","Río Ceballos"
"475","CBA304","Córdoba","Río Cuarto"
"476","CBA305","Córdoba","Río de Los Sauces"
"477","CBA306","Córdoba","Río Primero"
"478","CBA307","Córdoba","Río Segundo"
"479","CBA308","Córdoba","Río Tercero"
"480","CBA309","Córdoba","Rosales"
"481","CBA310","Córdoba","Rosario del Saladillo"
"482","CBA311","Córdoba","Sacanta"
"483","CBA312","Córdoba","Sagrada Familia"
"484","CBA313","Córdoba","Saira"
"485","CBA314","Córdoba","Saladillo"
"486","CBA315","Córdoba","Saldán"
"487","CBA316","Córdoba","Salsacate"
"488","CBA317","Córdoba","Salsipuedes"
"489","CBA318","Córdoba","Sampacho"
"490","CBA319","Córdoba","San Agustín"
"491","CBA320","Córdoba","San Antonio de Arredondo"
"492","CBA321","Córdoba","San Antonio de Litín"
"493","CBA322","Córdoba","San Basilio"
"494","CBA323","Córdoba","San Carlos Minas"
"495","CBA324","Córdoba","San Clemente"
"496","CBA325","Córdoba","San Esteban"
"497","CBA326","Córdoba","San Francisco"
"498","CBA327","Córdoba","San Francisco del Chañar"
"499","CBA328","Córdoba","San Gerónimo"
"500","CBA329","Córdoba","San Ignacio"
"501","CBA330","Córdoba","San Javier Yacanto"
"502","CBA331","Córdoba","San Joaquín"
"503","CBA332","Córdoba","San José"
"504","CBA333","Córdoba","San José de La Dormida"
"505","CBA334","Córdoba","San José de Las Salinas"
"506","CBA335","Córdoba","San Lorenzo"
"507","CBA336","Córdoba","San Marcos Sierras"
"508","CBA337","Córdoba","San Marcos Sud"
"509","CBA338","Córdoba","San Pedro"
"510","CBA339","Córdoba","San Pedro Norte"
"511","CBA340","Córdoba","San Roque"
"512","CBA341","Córdoba","San Vicente"
"513","CBA342","Córdoba","Santa Catalina"
"514","CBA343","Córdoba","Santa Elena"
"515","CBA344","Córdoba","Santa Eufemia"
"516","CBA345","Córdoba","Santa María"
"517","CBA346","Córdoba","Santa Rosa de Calamuchita"
"518","CBA347","Córdoba","Santa Rosa de Río Primero"
"519","CBA348","Córdoba","Santiago Temple"
"520","CBA349","Córdoba","Sarmiento"
"521","CBA350","Córdoba","Saturnino María Laspiur"
"522","CBA351","Córdoba","Sauce Arriba"
"523","CBA352","Córdoba","Sebastián Elcano"
"524","CBA353","Córdoba","Seeber"
"525","CBA354","Córdoba","Segunda Usina"
"526","CBA355","Córdoba","Serrano"
"527","CBA356","Córdoba","Serrezuela"
"528","CBA357","Córdoba","Silvio Pellico"
"529","CBA358","Córdoba","Simbolar"
"530","CBA359","Córdoba","Sinsacate"
"531","CBA360","Córdoba","Suco"
"532","CBA361","Córdoba","Tala Cañada"
"533","CBA362","Córdoba","Tala Huasi"
"534","CBA363","Córdoba","Talaini"
"535","CBA364","Córdoba","Tancacha"
"536","CBA365","Córdoba","Tanti"
"537","CBA366","Córdoba","Ticino"
"538","CBA367","Córdoba","Tinoco"
"539","CBA368","Córdoba","Tío Pujio"
"540","CBA369","Córdoba","Toledo"
"541","CBA370","Córdoba","Toro Pujio"
"542","CBA371","Córdoba","Tosno"
"543","CBA372","Córdoba","Tosquita"
"544","CBA373","Córdoba","Tránsito"
"545","CBA374","Córdoba","Tuclame"
"546","CBA375","Córdoba","Ucacha"
"547","CBA376","Córdoba","Unquillo"
"548","CBA377","Córdoba","Valle de Anisacate"
"549","CBA378","Córdoba","Valle Hermoso"
"550","CBA379","Córdoba","Viamonte"
"551","CBA380","Córdoba","Vicuña Mackenna"
"552","CBA381","Córdoba","Villa Allende"
"553","CBA382","Córdoba","Villa Amancay"
"554","CBA383","Córdoba","Villa Ascasubi"
"223","CBA052","Córdoba","Villa Cañada del Sauce"
"555","CBA384","Córdoba","Villa Candelaria Norte"
"556","CBA385","Córdoba","Villa Carlos Paz"
"557","CBA386","Córdoba","Villa Cerro Azul"
"558","CBA387","Córdoba","Villa Ciudad de América"
"559","CBA388","Córdoba","Villa Ciudad Parque Los Reartes"
"560","CBA389","Córdoba","Villa Concepción del Tío"
"561","CBA390","Córdoba","Villa Cura Brochero"
"562","CBA391","Córdoba","Villa de Las Rosas"
"563","CBA392","Córdoba","Villa de María"
"564","CBA393","Córdoba","Villa de Pocho"
"565","CBA394","Córdoba","Villa de Soto"
"566","CBA395","Córdoba","Villa del Dique"
"567","CBA396","Córdoba","Villa del Prado"
"568","CBA397","Córdoba","Villa del Rosario"
"569","CBA398","Córdoba","Villa del Totoral"
"570","CBA399","Córdoba","Villa Dolores"
"571","CBA400","Córdoba","Villa El Chacay"
"572","CBA401","Córdoba","Villa Elisa"
"573","CBA402","Córdoba","Villa Flor Serrana"
"574","CBA403","Córdoba","Villa Fontana"
"575","CBA404","Córdoba","Villa General Belgrano"
"576","CBA405","Córdoba","Villa Giardino"
"577","CBA406","Córdoba","Villa Gutiérrez"
"578","CBA407","Córdoba","Villa Huidobro"
"579","CBA408","Córdoba","Villa La Bolsa"
"580","CBA409","Córdoba","Villa Los Aromos"
"581","CBA410","Córdoba","Villa Los Patos"
"582","CBA411","Córdoba","Villa María"
"583","CBA412","Córdoba","Villa Nueva"
"584","CBA413","Córdoba","Villa Parque Santa Ana"
"585","CBA414","Córdoba","Villa Parque Siquiman"
"586","CBA415","Córdoba","Villa Quillinzo"
"599","CBA428","Córdoba","Villa Río Icho Cruz"
"587","CBA416","Córdoba","Villa Rossi"
"588","CBA417","Córdoba","Villa Rumipal"
"589","CBA418","Córdoba","Villa San Esteban"
"590","CBA419","Córdoba","Villa San Isidro"
"591","CBA420","Córdoba","Villa Santa Cruz del Lago"
"592","CBA421","Córdoba","Villa Sarmiento GR"
"593","CBA422","Córdoba","Villa Sarmiento SA"
"594","CBA423","Córdoba","Villa Tulumba"
"595","CBA424","Córdoba","Villa Valeria"
"596","CBA425","Córdoba","Villa Yacanto"
"597","CBA426","Córdoba","Washington"
"598","CBA427","Córdoba","Wenceslao Escalante"
"714","COR001","Corrientes","Alvear"
"715","COR002","Corrientes","Bella Vista"
"716","COR003","Corrientes","Berón de Astrada"
"717","COR004","Corrientes","Bonpland"
"718","COR005","Corrientes","Caá Catí"
"780","COR067","Corrientes","Carolina"
"719","COR006","Corrientes","Chavarría"
"720","COR007","Corrientes","Colonia Carlos Pellegrini"
"721","COR008","Corrientes","Colonia Libertad"
"722","COR009","Corrientes","Colonia Liebig"
"781","COR068","Corrientes","Colonia Pando"
"723","COR010","Corrientes","Colonia Santa Rosa"
"724","COR011","Corrientes","Concepción"
"725","COR012","Corrientes","Corrientes"
"726","COR013","Corrientes","Cruz de Los Milagros"
"727","COR014","Corrientes","Curuzú Cuatiá"
"728","COR015","Corrientes","Empedrado"
"729","COR016","Corrientes","Esquina"
"730","COR017","Corrientes","Estación Torrent"
"731","COR018","Corrientes","Felipe Yofre"
"732","COR019","Corrientes","Garruchos"
"733","COR020","Corrientes","Gobernador Agrónomo Valentín Virasoro"
"734","COR021","Corrientes","Gobernador Martínez"
"735","COR022","Corrientes","Goya"
"736","COR023","Corrientes","Guaviraví"
"737","COR024","Corrientes","Herlitzka"
"738","COR025","Corrientes","Itá Ibaté"
"739","COR026","Corrientes","Itatí"
"740","COR027","Corrientes","Ituzaingó"
"741","COR028","Corrientes","José Rafael Gómez"
"742","COR029","Corrientes","Juan Pujol"
"743","COR030","Corrientes","La Cruz"
"744","COR031","Corrientes","Lavalle"
"745","COR032","Corrientes","Lomas de Vallejos"
"746","COR033","Corrientes","Loreto"
"747","COR034","Corrientes","Mariano I. Loza"
"748","COR035","Corrientes","Mburucuyá"
"749","COR036","Corrientes","Mercedes"
"750","COR037","Corrientes","Mocoretá"
"751","COR038","Corrientes","Monte Caseros"
"752","COR039","Corrientes","Nueve de Julio"
"753","COR040","Corrientes","Palmar Grande"
"754","COR041","Corrientes","Parada Pucheta"
"755","COR042","Corrientes","Paso de La Patria"
"756","COR043","Corrientes","Paso de Los Libres"
"757","COR044","Corrientes","Pedro R. Fernández"
"758","COR045","Corrientes","Perugorría"
"759","COR046","Corrientes","Pueblo Libertador"
"760","COR047","Corrientes","Ramada Paso"
"761","COR048","Corrientes","Riachuelo"
"762","COR049","Corrientes","Saladas"
"763","COR050","Corrientes","San Antonio"
"764","COR051","Corrientes","San Carlos"
"765","COR052","Corrientes","San Cosme"
"766","COR053","Corrientes","San Lorenzo"
"767","COR054","Corrientes","San Luis del Palmar"
"768","COR055","Corrientes","San Miguel"
"769","COR056","Corrientes","San Roque"
"770","COR057","Corrientes","Santa Ana"
"771","COR058","Corrientes","Santa Lucía"
"772","COR059","Corrientes","Santo Tomé"
"773","COR060","Corrientes","Sauce"
"774","COR061","Corrientes","Tabay"
"775","COR062","Corrientes","Tapebicuá"
"776","COR063","Corrientes","Tatacuá"
"777","COR064","Corrientes","Villa Olivari"
"778","COR065","Corrientes","Yapeyú"
"779","COR066","Corrientes","Yataytí Calle"
"951","ERI171","Entre Ríos","Alarcón"
"866","ERI086","Entre Ríos","Alcaraz Norte"
"870","ERI090","Entre Ríos","Alcaraz Sur"
"930","ERI150","Entre Ríos","Aldea Asunción"
"909","ERI129","Entre Ríos","Aldea Brasilera"
"895","ERI115","Entre Ríos","Aldea Eigenfeld"
"918","ERI138","Entre Ríos","Aldea Grapschental"
"872","ERI092","Entre Ríos","Aldea María Luisa"
"908","ERI128","Entre Ríos","Aldea Protestante"
"917","ERI137","Entre Ríos","Aldea Salto"
"782","ERI002","Entre Ríos","Aldea San Antonio G"
"898","ERI118","Entre Ríos","Aldea San Antonio P"
"943","ERI163","Entre Ríos","Aldea San Juan"
"1033","ERI253","Entre Ríos","Aldea San Miguel"
"889","ERI109","Entre Ríos","Aldea San Rafael"
"876","ERI096","Entre Ríos","Aldea Santa María"
"904","ERI124","Entre Ríos","Aldea Santa Rosa"
"911","ERI131","Entre Ríos","Aldea Spatzenkutter"
"1021","ERI241","Entre Ríos","Altamirano Sur"
"921","ERI141","Entre Ríos","Antelo"
"891","ERI111","Entre Ríos","Antonio Tomás"
"784","ERI004","Entre Ríos","Aranguren"
"967","ERI187","Entre Ríos","Arroyo Barú"
"924","ERI144","Entre Ríos","Arroyo Burgos"
"1025","ERI245","Entre Ríos","Arroyo Clé"
"881","ERI101","Entre Ríos","Arroyo Corralito"
"1043","ERI263","Entre Ríos","Arroyo del Medio"
"905","ERI125","Entre Ríos","Arroyo Maturrango"
"900","ERI120","Entre Ríos","Arroyo Palo Seco"
"1042","ERI262","Entre Ríos","Banderas"
"785","ERI005","Entre Ríos","Basavilbaso"
"1037","ERI257","Entre Ríos","Betbeder"
"786","ERI006","Entre Ríos","Bovril"
"787","ERI007","Entre Ríos","Caseros"
"849","ERI069","Entre Ríos","Ceibas"
"788","ERI008","Entre Ríos","Cerrito"
"789","ERI009","Entre Ríos","Chajarí"
"923","ERI143","Entre Ríos","Chilcas"
"980","ERI200","Entre Ríos","Clodomiro Ledesma"
"790","ERI010","Entre Ríos","Colón"
"988","ERI208","Entre Ríos","Colonia Alemana"
"874","ERI094","Entre Ríos","Colonia Avellaneda"
"852","ERI072","Entre Ríos","Colonia Avigdor"
"791","ERI011","Entre Ríos","Colonia Ayuí"
"972","ERI192","Entre Ríos","Colonia Baylina"
"865","ERI085","Entre Ríos","Colonia Carrasco"
"888","ERI108","Entre Ríos","Colonia Celina"
"903","ERI123","Entre Ríos","Colonia Cerrito"
"887","ERI107","Entre Ríos","Colonia Crespo"
"959","ERI179","Entre Ríos","Colonia Elía"
"910","ERI130","Entre Ríos","Colonia Ensayo"
"978","ERI198","Entre Ríos","Colonia General Roca"
"985","ERI205","Entre Ríos","Colonia La Argentina"
"906","ERI126","Entre Ríos","Colonia Merou"
"864","ERI084","Entre Ríos","Colonia Oficial N° 13"
"857","ERI077","Entre Ríos","Colonia Oficial N° 3 Y 14"
"974","ERI194","Entre Ríos","Colonia Oficial N°5"
"902","ERI122","Entre Ríos","Colonia Reffino"
"991","ERI211","Entre Ríos","Colonia Tunas"
"861","ERI081","Entre Ríos","Colonia Viraró"
"792","ERI012","Entre Ríos","Concepción del Uruguay"
"793","ERI013","Entre Ríos","Concordia"
"794","ERI014","Entre Ríos","Conscripto Bernardi"
"916","ERI136","Entre Ríos","Costa Grande"
"948","ERI168","Entre Ríos","Costa San Antonio"
"942","ERI162","Entre Ríos","Costa Uruguay Norte"
"953","ERI173","Entre Ríos","Costa Uruguay Sur"
"795","ERI015","Entre Ríos","Crespo"
"1032","ERI252","Entre Ríos","Crucesitas Octava"
"1034","ERI254","Entre Ríos","Crucesitas Séptima"
"1030","ERI250","Entre Ríos","Crucesitas Tercera"
"947","ERI167","Entre Ríos","Cuchilla Redonda"
"882","ERI102","Entre Ríos","Curtiembre"
"796","ERI016","Entre Ríos","Diamante"
"1001","ERI221","Entre Ríos","Distrito Chañar"
"1036","ERI256","Entre Ríos","Distrito Chiqueros"
"931","ERI151","Entre Ríos","Distrito Cuarto"
"1007","ERI227","Entre Ríos","Distrito Diego López"
"925","ERI145","Entre Ríos","Distrito Pajonal"
"1038","ERI258","Entre Ríos","Distrito Sauce"
"928","ERI148","Entre Ríos","Distrito Sexto Costa de Nogoyá"
"899","ERI119","Entre Ríos","Distrito Tala"
"950","ERI170","Entre Ríos","Distrito Talitas"
"1029","ERI249","Entre Ríos","Don Cristóbal Primero"
"1027","ERI247","Entre Ríos","Don Cristóbal Segundo"
"1024","ERI244","Entre Ríos","Durazno"
"912","ERI132","Entre Ríos","El Carmen Estacion Gral Racedo"
"1003","ERI223","Entre Ríos","El Cimarrón"
"1008","ERI228","Entre Ríos","El Gramiyal"
"875","ERI095","Entre Ríos","El Palenque"
"871","ERI091","Entre Ríos","El Pingo"
"869","ERI089","Entre Ríos","El Quebracho"
"981","ERI201","Entre Ríos","El Redomón"
"859","ERI079","Entre Ríos","El Solar"
"939","ERI159","Entre Ríos","Enrique Carbó"
"896","ERI116","Entre Ríos","Espinillo Norte"
"915","ERI135","Entre Ríos","Estación Camps"
"952","ERI172","Entre Ríos","Estación Escriña"
"932","ERI152","Entre Ríos","Estación Lazo"
"962","ERI182","Entre Ríos","Estación Líbaros"
"1010","ERI230","Entre Ríos","Estación Raíces"
"976","ERI196","Entre Ríos","Estación Yerúa"
"977","ERI197","Entre Ríos","Estación Yuquerí"
"797","ERI017","Entre Ríos","Estancia Grande"
"868","ERI088","Entre Ríos","Estaquitas"
"944","ERI164","Entre Ríos","Faustino M. Parera"
"1035","ERI255","Entre Ríos","Febre"
"798","ERI018","Entre Ríos","Federación"
"799","ERI019","Entre Ríos","Federal"
"945","ERI165","Entre Ríos","General Almada"
"913","ERI133","Entre Ríos","General Alvear"
"801","ERI021","Entre Ríos","General Campos"
"800","ERI020","Entre Ríos","General Galarza"
"802","ERI022","Entre Ríos","General Ramírez"
"938","ERI158","Entre Ríos","Gilbert"
"1020","ERI240","Entre Ríos","Gobernador Echagüe"
"803","ERI023","Entre Ríos","Gobernador Mansilla"
"1019","ERI239","Entre Ríos","Gobernador Sola"
"933","ERI153","Entre Ríos","González Calderón"
"804","ERI024","Entre Ríos","Gualeguay"
"805","ERI025","Entre Ríos","Gualeguaychú"
"989","ERI209","Entre Ríos","Gualeguaycito"
"1026","ERI246","Entre Ríos","Guardamonte"
"970","ERI190","Entre Ríos","Hambis"
"806","ERI026","Entre Ríos","Hasenkamp"
"807","ERI027","Entre Ríos","Hernandarias"
"808","ERI028","Entre Ríos","Hernández"
"809","ERI029","Entre Ríos","Herrera"
"927","ERI147","Entre Ríos","Hinojal"
"969","ERI189","Entre Ríos","Hocker"
"1011","ERI231","Entre Ríos","Ingeniero Sajaroff"
"941","ERI161","Entre Ríos","Irazusta"
"914","ERI134","Entre Ríos","Isletas"
"1009","ERI229","Entre Ríos","Jubileo"
"1028","ERI248","Entre Ríos","Justo José de Urquiza"
"966","ERI186","Entre Ríos","La Clarita"
"810","ERI030","Entre Ríos","La Criolla"
"995","ERI215","Entre Ríos","La Esmeralda"
"987","ERI207","Entre Ríos","La Florida"
"993","ERI213","Entre Ríos","La Fraternidad y Santa Juana"
"1000","ERI220","Entre Ríos","La Hierra"
"1044","ERI264","Entre Ríos","La Ollita"
"811","ERI031","Entre Ríos","La Paz"
"880","ERI100","Entre Ríos","La Picada"
"860","ERI080","Entre Ríos","La Providencia"
"998","ERI218","Entre Ríos","La Verbena"
"996","ERI216","Entre Ríos","Laguna Benítez"
"812","ERI032","Entre Ríos","Larroque"
"907","ERI127","Entre Ríos","Las Cuevas"
"878","ERI098","Entre Ríos","Las Garzas P Bellocq"
"1022","ERI242","Entre Ríos","Las Guachas"
"946","ERI166","Entre Ríos","Las Mercedes"
"961","ERI181","Entre Ríos","Las Moscas"
"997","ERI217","Entre Ríos","Las Mulitas"
"867","ERI087","Entre Ríos","Las Toscas"
"1039","ERI259","Entre Ríos","Laurencena"
"842","ERI062","Entre Ríos","Libertador San Martín"
"1006","ERI226","Entre Ríos","Loma Limpia"
"964","ERI184","Entre Ríos","Los Ceibos"
"813","ERI033","Entre Ríos","Los Charrúas"
"983","ERI203","Entre Ríos","Los Conquistadores"
"814","ERI034","Entre Ríos","Lucas González"
"1014","ERI234","Entre Ríos","Lucas Norte"
"1017","ERI237","Entre Ríos","Lucas Sur Primera"
"1018","ERI238","Entre Ríos","Lucas Sur Segundo"
"815","ERI035","Entre Ríos","Maciá"
"816","ERI036","Entre Ríos","María Grande"
"897","ERI117","Entre Ríos","María Grande Segunda"
"936","ERI156","Entre Ríos","Médanos"
"1013","ERI233","Entre Ríos","Mojones Norte"
"1012","ERI232","Entre Ríos","Mojones Sur"
"922","ERI142","Entre Ríos","Molino Doll"
"934","ERI154","Entre Ríos","Monte Redondo"
"926","ERI146","Entre Ríos","Montoya"
"999","ERI219","Entre Ríos","Mulas Grandes"
"937","ERI157","Entre Ríos","Ñancay"
"817","ERI037","Entre Ríos","Nogoyá"
"975","ERI195","Entre Ríos","Nueva Escocia"
"1002","ERI222","Entre Ríos","Nueva Vizcaya"
"863","ERI083","Entre Ríos","Ombú"
"818","ERI038","Entre Ríos","Oro Verde"
"892","ERI112","Entre Ríos","Paraje Las Tunas"
"819","ERI039","Entre Ríos","Paraná"
"992","ERI212","Entre Ríos","Pasaje Guayaquil"
"893","ERI113","Entre Ríos","Paso de La Arena"
"1016","ERI236","Entre Ríos","Paso de La Laguna"
"894","ERI114","Entre Ríos","Paso de Las Piedras"
"1004","ERI224","Entre Ríos","Paso Duarte"
"954","ERI174","Entre Ríos","Pastor Britos"
"979","ERI199","Entre Ríos","Pedernal"
"955","ERI175","Entre Ríos","Perdices"
"862","ERI082","Entre Ríos","Picada Berón"
"820","ERI040","Entre Ríos","Piedras Blancas"
"1040","ERI260","Entre Ríos","Primer Distrito Cuchilla"
"957","ERI177","Entre Ríos","Primero de Mayo"
"848","ERI068","Entre Ríos","Pronunciamiento"
"873","ERI093","Entre Ríos","Pueblo Brugo"
"968","ERI188","Entre Ríos","Pueblo Cazes"
"940","ERI160","Entre Ríos","Pueblo General Belgrano"
"965","ERI185","Entre Ríos","Pueblo Liebig"
"855","ERI075","Entre Ríos","Puerto Algarrobo"
"821","ERI041","Entre Ríos","Puerto Ibicuy"
"822","ERI042","Entre Ríos","Puerto Yeruá"
"935","ERI155","Entre Ríos","Punta Del Monte"
"901","ERI121","Entre Ríos","Quebracho"
"929","ERI149","Entre Ríos","Quinto Distrito"
"1015","ERI235","Entre Ríos","Raíces Oeste"
"920","ERI140","Entre Ríos","Rincón de Nogoyá"
"956","ERI176","Entre Ríos","Rincón del Cinto"
"919","ERI139","Entre Ríos","Rincón del Doll"
"949","ERI169","Entre Ríos","Rincón del Gato"
"963","ERI183","Entre Ríos","Rocamora"
"823","ERI043","Entre Ríos","Rosario del Tala"
"824","ERI044","Entre Ríos","San Benito"
"960","ERI180","Entre Ríos","San Cipriano"
"971","ERI191","Entre Ríos","San Ernesto"
"851","ERI071","Entre Ríos","San Gustavo"
"825","ERI045","Entre Ríos","San Jaime de la Frontera"
"826","ERI046","Entre Ríos","San José"
"827","ERI047","Entre Ríos","San José de Feliciano"
"1041","ERI261","Entre Ríos","San Justo"
"982","ERI202","Entre Ríos","San Justo U"
"958","ERI178","Entre Ríos","San Marcial"
"984","ERI204","Entre Ríos","San Pedro"
"854","ERI074","Entre Ríos","San Ramírez"
"986","ERI206","Entre Ríos","San Ramón"
"990","ERI210","Entre Ríos","San Roque"
"828","ERI048","Entre Ríos","San Salvador"
"994","ERI214","Entre Ríos","San Víctor"
"845","ERI065","Entre Ríos","Santa Ana"
"829","ERI049","Entre Ríos","Santa Ana F"
"850","ERI070","Entre Ríos","Santa Anita"
"830","ERI050","Entre Ríos","Santa Elena"
"1005","ERI225","Entre Ríos","Santa Lucía"
"890","ERI110","Entre Ríos","Santa Luisa"
"831","ERI051","Entre Ríos","Sauce de Luna"
"879","ERI099","Entre Ríos","Sauce Montrull"
"884","ERI104","Entre Ríos","Sauce Pintos"
"1023","ERI243","Entre Ríos","Sauce Sur"
"832","ERI052","Entre Ríos","Seguí"
"853","ERI073","Entre Ríos","Sir Leonard"
"877","ERI097","Entre Ríos","Sosa"
"833","ERI053","Entre Ríos","Tabossi"
"886","ERI106","Entre Ríos","Tezanos Pintos"
"834","ERI054","Entre Ríos","Ubajay"
"835","ERI055","Entre Ríos","Urdinarrain"
"1031","ERI251","Entre Ríos","Veinte de Setiembre"
"836","ERI056","Entre Ríos","Viale"
"837","ERI057","Entre Ríos","Victoria"
"1045","ERI265","Entre Ríos","Villa Alcaraz"
"838","ERI058","Entre Ríos","Villa Clara"
"839","ERI059","Entre Ríos","Villa del Rosario"
"840","ERI060","Entre Ríos","Villa Domínguez"
"841","ERI061","Entre Ríos","Villa Elisa"
"885","ERI105","Entre Ríos","Villa Fontana"
"883","ERI103","Entre Ríos","Villa Gobernador Etchevehere"
"843","ERI063","Entre Ríos","Villa Mantero"
"844","ERI064","Entre Ríos","Villa Paranacito"
"846","ERI066","Entre Ríos","Villa Urquiza"
"783","ERI003","Entre Ríos","Villa Valle María"
"847","ERI067","Entre Ríos","Villaguay"
"973","ERI193","Entre Ríos","Walter Moss"
"856","ERI076","Entre Ríos","Yacaré"
"858","ERI078","Entre Ríos","Yeso Oeste"
"1046","FOR001","Formosa","Buena Vista"
"1047","FOR002","Formosa","Clorinda"
"1048","FOR003","Formosa","Colonia Pastoril"
"1049","FOR004","Formosa","Comandante Fontana"
"1050","FOR005","Formosa","El Colorado"
"1051","FOR006","Formosa","El Espinillo"
"1052","FOR007","Formosa","Estanislao del Campo"
"1053","FOR008","Formosa","Formosa"
"1054","FOR009","Formosa","Fortín Lugones"
"1055","FOR010","Formosa","General Lucio V. Mansilla"
"1056","FOR011","Formosa","General Manuel Belgrano"
"1057","FOR012","Formosa","General Mosconi"
"1058","FOR013","Formosa","Gran Guardia"
"1059","FOR014","Formosa","Herradura"
"1060","FOR015","Formosa","Ibarreta"
"1061","FOR016","Formosa","Ingeniero Juárez"
"1062","FOR017","Formosa","Laguna Blanca"
"1063","FOR018","Formosa","Laguna Nai Neck"
"1064","FOR019","Formosa","Laguna Yema"
"1065","FOR020","Formosa","Las Lomitas"
"1066","FOR021","Formosa","Los Chiriguanos"
"1067","FOR022","Formosa","Mayor Vicente Villafañe"
"1068","FOR023","Formosa","Misión San Francisco de Laishi"
"1069","FOR024","Formosa","Misión Tacaaglé"
"1070","FOR025","Formosa","Palo Santo"
"1071","FOR026","Formosa","Pirané"
"1072","FOR027","Formosa","Pozo de Maza"
"1073","FOR028","Formosa","Pozo del Tigre"
"1074","FOR029","Formosa","Riacho He Hé"
"1075","FOR030","Formosa","San Hilario"
"1076","FOR031","Formosa","San Martín 2"
"1077","FOR032","Formosa","Siete Palmas"
"1078","FOR033","Formosa","Subteniente Perín"
"1079","FOR034","Formosa","Tres Lagunas"
"1080","FOR035","Formosa","Villa Dos Trece"
"1081","FOR036","Formosa","Villa Escolar"
"1082","FOR037","Formosa","Villa General Güemes"
"1083","JUJ001","Jujuy","Abdón Castro Tolay"
"1084","JUJ002","Jujuy","Abra Pampa"
"1085","JUJ003","Jujuy","Abralaite"
"1086","JUJ004","Jujuy","Aguas Calientes"
"1087","JUJ005","Jujuy","Arrayanal"
"1088","JUJ006","Jujuy","Barrios"
"1089","JUJ007","Jujuy","Caimancito"
"1090","JUJ008","Jujuy","Calilegua"
"1091","JUJ009","Jujuy","Cangrejillos"
"1092","JUJ010","Jujuy","Caspalá"
"1093","JUJ011","Jujuy","Catua"
"1094","JUJ012","Jujuy","Cieneguillas"
"1095","JUJ013","Jujuy","Coranzuli"
"1096","JUJ014","Jujuy","Cusi Cusi"
"1097","JUJ015","Jujuy","El Aguilar"
"1098","JUJ016","Jujuy","El Carmen"
"1099","JUJ017","Jujuy","El Condor"
"1100","JUJ018","Jujuy","El Fuerte"
"1101","JUJ019","Jujuy","El Piquete"
"1102","JUJ020","Jujuy","El Talar"
"1103","JUJ021","Jujuy","Fraile Pintado"
"1104","JUJ022","Jujuy","Hipólito Yrigoyen"
"1105","JUJ023","Jujuy","Huacalera"
"1106","JUJ024","Jujuy","Humahuaca"
"1107","JUJ025","Jujuy","La Esperanza"
"1108","JUJ026","Jujuy","La Mendieta"
"1109","JUJ027","Jujuy","La Quiaca"
"1110","JUJ028","Jujuy","Libertador General San Martín"
"1111","JUJ029","Jujuy","Maimará"
"1112","JUJ030","Jujuy","Mina Pirquitas"
"1113","JUJ031","Jujuy","Monterrico"
"1114","JUJ032","Jujuy","Palma Sola"
"1115","JUJ033","Jujuy","Palpalá"
"1116","JUJ034","Jujuy","Pampa Blanca"
"1117","JUJ035","Jujuy","Pampichuela"
"1118","JUJ036","Jujuy","Perico"
"1119","JUJ037","Jujuy","Puesto del Marqués"
"1120","JUJ038","Jujuy","Puesto Viejo"
"1121","JUJ039","Jujuy","Pumahuasi"
"1122","JUJ040","Jujuy","Purmamarca"
"1123","JUJ041","Jujuy","Rinconada"
"1124","JUJ042","Jujuy","Rodeíto"
"1125","JUJ043","Jujuy","Rosario del Río Grande"
"1126","JUJ044","Jujuy","San Antonio"
"1127","JUJ045","Jujuy","San Francisco"
"1128","JUJ046","Jujuy","San Pedro de Jujuy"
"1129","JUJ047","Jujuy","San Salvador de Jujuy"
"1130","JUJ048","Jujuy","Santa Ana"
"1131","JUJ049","Jujuy","Santa Catalina"
"1132","JUJ050","Jujuy","Santa Clara"
"1133","JUJ051","Jujuy","Susques"
"1134","JUJ052","Jujuy","Tilcara"
"1135","JUJ053","Jujuy","Tres Cruces"
"1136","JUJ054","Jujuy","Tumbaya"
"1137","JUJ055","Jujuy","Valle Grande"
"1138","JUJ056","Jujuy","Vinalito"
"1139","JUJ057","Jujuy","Volcán"
"1140","JUJ058","Jujuy","Yala"
"1141","JUJ059","Jujuy","Yaví"
"1142","JUJ060","Jujuy","Yuto"
"1143","LAP001","La Pampa","Abramo"
"1144","LAP002","La Pampa","Adolfo Van Praet"
"1145","LAP003","La Pampa","Agustoni"
"1146","LAP004","La Pampa","Algarrobo del Águila"
"1147","LAP005","La Pampa","Alpachiri"
"1148","LAP006","La Pampa","Alta Italia"
"1149","LAP007","La Pampa","Anguil"
"1150","LAP008","La Pampa","Arata"
"1151","LAP009","La Pampa","Ataliva Roca"
"1152","LAP010","La Pampa","Bernardo Larroudé"
"1153","LAP011","La Pampa","Bernasconi"
"1154","LAP012","La Pampa","Caleufú"
"1155","LAP013","La Pampa","Carro Quemado"
"1156","LAP014","La Pampa","Catriló"
"1157","LAP015","La Pampa","Ceballos"
"1158","LAP016","La Pampa","Chacharramendi"
"1159","LAP017","La Pampa","Colonia Barón"
"1160","LAP018","La Pampa","Colonia Santa María"
"1161","LAP019","La Pampa","Conhello"
"1162","LAP020","La Pampa","Coronel Hilario Lagos"
"1163","LAP021","La Pampa","Cuchillo Co"
"1164","LAP022","La Pampa","Doblas"
"1165","LAP023","La Pampa","Dorila"
"1166","LAP024","La Pampa","Eduardo Castex"
"1167","LAP025","La Pampa","Embajador Martini"
"1168","LAP026","La Pampa","Falucho"
"1169","LAP027","La Pampa","General Acha"
"1170","LAP028","La Pampa","General Manuel Campos"
"1171","LAP029","La Pampa","General Pico"
"1172","LAP030","La Pampa","General San Martín"
"1173","LAP031","La Pampa","Gobernador Duval"
"1174","LAP032","La Pampa","Guatraché"
"1175","LAP033","La Pampa","Ingeniero Luiggi"
"1176","LAP034","La Pampa","Intendente Alvear"
"1177","LAP035","La Pampa","Jacinto Aráuz"
"1178","LAP036","La Pampa","La Adela"
"1179","LAP037","La Pampa","La Humada"
"1180","LAP038","La Pampa","La Maruja"
"1181","LAP039","La Pampa","La Reforma"
"1182","LAP040","La Pampa","Limay Mahuida"
"1183","LAP041","La Pampa","Lonquimay"
"1184","LAP042","La Pampa","Loventuel"
"1185","LAP043","La Pampa","Luan Toro"
"1186","LAP044","La Pampa","Macachín"
"1187","LAP045","La Pampa","Maisonnave"
"1188","LAP046","La Pampa","Mauricio Mayer"
"1189","LAP047","La Pampa","Metileo"
"1190","LAP048","La Pampa","Miguel Cané"
"1191","LAP049","La Pampa","Miguel Riglos"
"1192","LAP050","La Pampa","Monte Nievas"
"1193","LAP051","La Pampa","Parera"
"1194","LAP052","La Pampa","Perú"
"1195","LAP053","La Pampa","Pichi Huinca"
"1196","LAP054","La Pampa","Puelches"
"1197","LAP055","La Pampa","Puelén"
"1198","LAP056","La Pampa","Quehue"
"1199","LAP057","La Pampa","Quemú Quemú"
"1200","LAP058","La Pampa","Quetrequén"
"1201","LAP059","La Pampa","Rancul"
"1202","LAP060","La Pampa","Realicó"
"1203","LAP061","La Pampa","Relmo"
"1204","LAP062","La Pampa","Rolón"
"1205","LAP063","La Pampa","Rucanelo"
"1206","LAP064","La Pampa","Santa Isabel"
"1207","LAP065","La Pampa","Santa Rosa"
"1208","LAP066","La Pampa","Santa Teresa"
"1209","LAP067","La Pampa","Sarah"
"1210","LAP068","La Pampa","Speluzzi"
"1211","LAP069","La Pampa","Telén"
"1212","LAP070","La Pampa","Toay"
"1213","LAP071","La Pampa","Tomás Manuel de Anchorena"
"1214","LAP072","La Pampa","Trenel"
"1215","LAP073","La Pampa","Unanué"
"1216","LAP074","La Pampa","Uriburu"
"1217","LAP075","La Pampa","Veinticinco de Mayo"
"1218","LAP076","La Pampa","Vértiz"
"1219","LAP077","La Pampa","Victorica"
"1220","LAP078","La Pampa","Villa Mirasol"
"1221","LAP079","La Pampa","Winifreda"
"1222","LRJ001","La Rioja","Arauco"
"1223","LRJ002","La Rioja","Castro Barros"
"1224","LRJ003","La Rioja","Chamical"
"1225","LRJ004","La Rioja","Chilecito"
"1226","LRJ005","La Rioja","Coronel Felipe Varela"
"1227","LRJ006","La Rioja","Famatina"
"1228","LRJ007","La Rioja","General Ángel Vicente Peñaloza"
"1229","LRJ008","La Rioja","General Belgrano"
"1230","LRJ009","La Rioja","General Juan Facundo Quiroga"
"1231","LRJ010","La Rioja","General Lamadrid"
"1232","LRJ011","La Rioja","General Ocampo"
"1233","LRJ012","La Rioja","General San Martín"
"1234","LRJ013","La Rioja","Independencia"
"1235","LRJ014","La Rioja","La Rioja"
"1236","LRJ015","La Rioja","Rosario Vera Peñaloza"
"1237","LRJ016","La Rioja","San Blas de Los Sauces"
"1238","LRJ017","La Rioja","Sanagasta"
"1239","LRJ018","La Rioja","Vinchina"
"1315","MZA001","Mendoza","General Alvear"
"1316","MZA002","Mendoza","Godoy Cruz"
"1317","MZA003","Mendoza","Guaymallén"
"1318","MZA004","Mendoza","Junín"
"1319","MZA005","Mendoza","La Paz"
"1320","MZA006","Mendoza","Las Heras"
"1321","MZA007","Mendoza","Lavalle"
"1322","MZA008","Mendoza","Luján de Cuyo"
"1323","MZA009","Mendoza","Maipú"
"1324","MZA010","Mendoza","Malargüe"
"1325","MZA011","Mendoza","Mendoza"
"1326","MZA012","Mendoza","Rivadavia"
"1327","MZA013","Mendoza","San Carlos"
"1328","MZA014","Mendoza","San Martín"
"1329","MZA015","Mendoza","San Rafael"
"1330","MZA016","Mendoza","Santa Rosa"
"1331","MZA017","Mendoza","Tunuyán"
"1332","MZA018","Mendoza","Tupungato"
"1240","MIS001","Misiones","Alba Posse"
"1241","MIS002","Misiones","Almafuerte"
"1242","MIS003","Misiones","Apóstoles"
"1243","MIS004","Misiones","Aristóbulo del Valle"
"1244","MIS005","Misiones","Arroyo del Medio"
"1245","MIS006","Misiones","Azara"
"1246","MIS007","Misiones","Bernardo de Irigoyen"
"1247","MIS008","Misiones","Bonpland"
"1248","MIS009","Misiones","Caá Yari"
"1249","MIS010","Misiones","Campo Grande"
"1250","MIS011","Misiones","Campo Ramón"
"1251","MIS012","Misiones","Campo Viera"
"1252","MIS013","Misiones","Candelaria"
"1253","MIS014","Misiones","Capioví"
"1254","MIS015","Misiones","Caraguatay"
"1255","MIS016","Misiones","Cerro Azul"
"1256","MIS017","Misiones","Cerro Corá"
"1257","MIS018","Misiones","Colonia Alberdi"
"1258","MIS019","Misiones","Colonia Aurora"
"1259","MIS020","Misiones","Colonia Delicia"
"1260","MIS021","Misiones","Colonia Polana"
"1261","MIS022","Misiones","Colonia Victoria"
"1262","MIS023","Misiones","Colonia Wanda"
"1263","MIS024","Misiones","Comandante Andresito"
"1264","MIS025","Misiones","Concepción de La Sierra"
"1265","MIS026","Misiones","Corpus"
"1266","MIS027","Misiones","Dos Arroyos"
"1267","MIS028","Misiones","Dos de Mayo"
"1268","MIS029","Misiones","El Alcázar"
"1269","MIS030","Misiones","El Soberbio"
"1270","MIS031","Misiones","Eldorado"
"1271","MIS032","Misiones","Esperanza"
"1272","MIS033","Misiones","Fachinal"
"1273","MIS034","Misiones","Florentino Ameghino"
"1274","MIS035","Misiones","Garuhapé"
"1275","MIS036","Misiones","Garupá"
"1276","MIS037","Misiones","General Alvear"
"1278","MIS039","Misiones","General Urquiza"
"1279","MIS040","Misiones","Gobernador López"
"1280","MIS041","Misiones","Gobernador Roca"
"1281","MIS042","Misiones","Guaraní"
"1282","MIS043","Misiones","Hipólito Yrigoyen"
"1283","MIS044","Misiones","Itacaruaré"
"1284","MIS045","Misiones","Jardín América"
"1285","MIS046","Misiones","Leandro N. Alem"
"1287","MIS048","Misiones","Loreto"
"1288","MIS049","Misiones","Los Helechos"
"1289","MIS050","Misiones","Mártires"
"1290","MIS051","Misiones","Mojón Grande"
"1291","MIS052","Misiones","Montecarlo"
"1292","MIS053","Misiones","Nueve de Julio"
"1293","MIS054","Misiones","Oberá"
"1294","MIS055","Misiones","Olegario Víctor Andrade"
"1295","MIS056","Misiones","Panambí"
"1296","MIS057","Misiones","Posadas"
"1297","MIS058","Misiones","Profundidad"
"1298","MIS059","Misiones","Puerto Iguazú"
"1299","MIS060","Misiones","Puerto Leoni"
"1286","MIS047","Misiones","Puerto Libertad"
"1300","MIS061","Misiones","Puerto Piray"
"1301","MIS062","Misiones","Puerto Rico"
"1302","MIS063","Misiones","Ruiz de Montoya"
"1277","MIS038","Misiones","San Antonio"
"1303","MIS064","Misiones","San Ignacio"
"1304","MIS065","Misiones","San Javier"
"1305","MIS066","Misiones","San José"
"1306","MIS067","Misiones","San Martín"
"1307","MIS068","Misiones","San Pedro"
"1308","MIS069","Misiones","San Vicente"
"1309","MIS070","Misiones","Santa Ana"
"1310","MIS071","Misiones","Santa María"
"1311","MIS072","Misiones","Santiago de Liniers"
"1312","MIS073","Misiones","Santo Pipó"
"1313","MIS074","Misiones","Tres Capones"
"1314","MIS075","Misiones","Veinticinco de Mayo"
"1385","NEU053","Neuquén","Aguada San Roque"
"1333","NEU001","Neuquén","Aluminé"
"1334","NEU002","Neuquén","Andacollo"
"1335","NEU003","Neuquén","Añelo"
"1336","NEU004","Neuquén","Bajada del Agrio"
"1337","NEU005","Neuquén","Barrancas"
"1338","NEU006","Neuquén","Buta Ranquil"
"1339","NEU007","Neuquén","Caviahue Copahue"
"1340","NEU008","Neuquén","Centenario"
"1341","NEU009","Neuquén","Chorriaca"
"1342","NEU010","Neuquén","Chos Malal"
"1383","NEU051","Neuquén","Covunco Abajo"
"1386","NEU054","Neuquén","Coyuco Cochico"
"1343","NEU011","Neuquén","Cutral Co"
"1344","NEU012","Neuquén","El Cholar"
"1345","NEU013","Neuquén","El Huecú"
"1346","NEU014","Neuquén","El Sauce"
"1347","NEU015","Neuquén","Guañacos"
"1348","NEU016","Neuquén","Huinganco"
"1349","NEU017","Neuquén","Junín de Los Andes"
"1350","NEU018","Neuquén","Las Coloradas"
"1351","NEU019","Neuquén","Las Lajas"
"1352","NEU020","Neuquén","Las Ovejas"
"1353","NEU021","Neuquén","Loncopué"
"1384","NEU052","Neuquén","Los Catutos"
"1387","NEU055","Neuquén","Los Chihuidos"
"1354","NEU022","Neuquén","Los Miches"
"1355","NEU023","Neuquén","Manzano Amargo"
"1356","NEU024","Neuquén","Mariano Moreno"
"1357","NEU025","Neuquén","Neuquén"
"1358","NEU026","Neuquén","Octavio Pico"
"1359","NEU027","Neuquén","Paso Aguerre"
"1360","NEU028","Neuquén","Picún Leufú"
"1361","NEU029","Neuquén","Piedra del Águila"
"1388","NEU056","Neuquén","Pilo Lil"
"1362","NEU030","Neuquén","Plaza Huincul"
"1363","NEU031","Neuquén","Plottier"
"1364","NEU032","Neuquén","Quili Malal"
"1389","NEU057","Neuquén","Ramón Castro"
"1365","NEU033","Neuquén","Rincón de Los Sauces"
"1366","NEU034","Neuquén","San Martín de Los Andes"
"1367","NEU035","Neuquén","San Patricio del Chañar"
"1368","NEU036","Neuquén","Santo Tomás"
"1369","NEU037","Neuquén","Sauzal Bonito"
"1370","NEU038","Neuquén","Senillosa"
"1371","NEU039","Neuquén","Taquimilán"
"1372","NEU040","Neuquén","Tricao Malal"
"1373","NEU041","Neuquén","Varvarco Invernada Vieja"
"1374","NEU042","Neuquén","Villa Curí Leuvu"
"1375","NEU043","Neuquén","Villa del Nahueve"
"1376","NEU044","Neuquén","Villa del Puente Picún Leufú"
"1377","NEU045","Neuquén","Villa El Chocón"
"1378","NEU046","Neuquén","Villa La Angostura"
"1379","NEU047","Neuquén","Villa Pehuenia"
"1380","NEU048","Neuquén","Villa Traful"
"1382","NEU050","Neuquén","Vista Alegre"
"1381","NEU049","Neuquén","Zapala"
"1429","RNO040","Río Negro","Aguada Cecilio"
"1428","RNO039","Río Negro","Aguada de Guerra"
"1430","RNO041","Río Negro","Aguada Guzmán"
"1390","RNO001","Río Negro","Allen"
"1432","RNO043","Río Negro","Arroyo de La Ventana"
"1431","RNO042","Río Negro","Arroyo Los Berros"
"1391","RNO002","Río Negro","Campo Grande"
"1392","RNO003","Río Negro","Catriel"
"1433","RNO044","Río Negro","Cerro Policía"
"1393","RNO004","Río Negro","Cervantes"
"1437","RNO048","Río Negro","Chelforo"
"1394","RNO005","Río Negro","Chichinales"
"1395","RNO006","Río Negro","Chimpay"
"1438","RNO049","Río Negro","Chipauquil"
"1396","RNO007","Río Negro","Choele Choel"
"1397","RNO008","Río Negro","Cinco Saltos"
"1398","RNO009","Río Negro","Cipolletti"
"1435","RNO046","Río Negro","Clemente Onelli"
"1439","RNO050","Río Negro","Colán Conhue"
"1399","RNO010","Río Negro","Comallo"
"1440","RNO051","Río Negro","Comicó"
"1434","RNO045","Río Negro","Cona Niyeu"
"1400","RNO011","Río Negro","Contralmirante Cordero"
"1401","RNO012","Río Negro","Coronel Belisle"
"1436","RNO047","Río Negro","Cubanea"
"1402","RNO013","Río Negro","Darwin"
"1441","RNO052","Río Negro","Dina Huapi"
"1403","RNO014","Río Negro","El Bolsón"
"1442","RNO053","Río Negro","El Caín"
"1443","RNO054","Río Negro","El Cuy"
"1444","RNO055","Río Negro","El Manso"
"1404","RNO015","Río Negro","General Conesa"
"1405","RNO016","Río Negro","General Enrique Godoy"
"1406","RNO017","Río Negro","General Fernández Oro"
"1407","RNO018","Río Negro","General Roca"
"1408","RNO019","Río Negro","Guardia Mitre"
"1409","RNO020","Río Negro","Ingeniero Jacobacci"
"1410","RNO021","Río Negro","Ingeniero Luis A. Huergo"
"1445","RNO056","Río Negro","Laguna Blanca"
"1411","RNO022","Río Negro","Lamarque"
"1412","RNO023","Río Negro","Los Menucos"
"1413","RNO024","Río Negro","Luis Beltrán"
"1414","RNO025","Río Negro","Mainqué"
"1446","RNO057","Río Negro","Mamuel Choique"
"1415","RNO026","Río Negro","Maquinchao"
"1447","RNO058","Río Negro","Mencué"
"1416","RNO027","Río Negro","Ministro Ramos Mexia"
"1448","RNO059","Río Negro","Nahuel Niyeu"
"1449","RNO060","Río Negro","Naupa Huen"
"1417","RNO028","Río Negro","Ñorquincó"
"1450","RNO061","Río Negro","Ojos de Agua"
"1451","RNO062","Río Negro","Paso Flores"
"1452","RNO063","Río Negro","Peñas Blancas"
"1453","RNO064","Río Negro","Pichi Mahuida"
"1418","RNO029","Río Negro","Pilcaniyeu"
"1455","RNO066","Río Negro","Pilquiniyeu"
"1456","RNO067","Río Negro","Pilquiniyeu del Limay"
"1419","RNO030","Río Negro","Pomona"
"1454","RNO065","Río Negro","Prahuaniyeu"
"1457","RNO068","Río Negro","Rincón Treneta"
"1458","RNO069","Río Negro","Río Chico"
"1420","RNO031","Río Negro","Río Colorado"
"1421","RNO032","Río Negro","San Antonio Oeste"
"1422","RNO033","Río Negro","San Carlos de Bariloche"
"1459","RNO070","Río Negro","San Javier"
"1423","RNO034","Río Negro","Sierra Colorada"
"1424","RNO035","Río Negro","Sierra Grande"
"1460","RNO071","Río Negro","Sierra Pailemán"
"1425","RNO036","Río Negro","Valcheta"
"1462","RNO073","Río Negro","Valle Azul"
"1426","RNO037","Río Negro","Viedma"
"1463","RNO074","Río Negro","Villa Llanquín"
"1461","RNO072","Río Negro","Villa Mascardi"
"1427","RNO038","Río Negro","Villa Regina"
"1464","RNO075","Río Negro","Yaminué"
"1465","SAL001","Salta","Aguaray"
"1466","SAL002","Salta","Angastaco"
"1467","SAL003","Salta","Animaná"
"1468","SAL004","Salta","Apolinario Saravia"
"1469","SAL005","Salta","Cachi"
"1470","SAL006","Salta","Cafayate"
"1471","SAL007","Salta","Campo Quijano"
"1472","SAL008","Salta","Campo Santo"
"1473","SAL009","Salta","Cerrillos"
"1474","SAL010","Salta","Chicoana"
"1475","SAL011","Salta","Colonia Santa Rosa"
"1476","SAL012","Salta","Coronel Moldes"
"1477","SAL013","Salta","El Bordo"
"1478","SAL014","Salta","El Carril"
"1479","SAL015","Salta","El Galpón"
"1480","SAL016","Salta","El Jardín"
"1481","SAL017","Salta","El Potrero"
"1482","SAL018","Salta","El Quebrachal"
"1483","SAL019","Salta","El Tala"
"1484","SAL020","Salta","Embarcación"
"1485","SAL021","Salta","General Ballivián"
"1486","SAL022","Salta","General Güemes"
"1487","SAL023","Salta","General Mosconi"
"1488","SAL024","Salta","General Pizarro"
"1489","SAL025","Salta","Guachipas"
"1490","SAL026","Salta","Hipólito Yrigoyen"
"1491","SAL027","Salta","Iruya"
"1492","SAL028","Salta","Isla de Cañas"
"1493","SAL029","Salta","Joaquín V. González"
"1494","SAL030","Salta","La Caldera"
"1495","SAL031","Salta","La Candelaria"
"1496","SAL032","Salta","La Merced"
"1497","SAL033","Salta","La Poma"
"1498","SAL034","Salta","La Viña"
"1499","SAL035","Salta","Las Lajitas"
"1500","SAL036","Salta","Los Toldos"
"1502","SAL038","Salta","Molinos"
"1503","SAL039","Salta","Nazareno"
"1504","SAL040","Salta","Payogasta"
"1505","SAL041","Salta","Pichanal"
"1506","SAL042","Salta","Profesor Salvador Mazza"
"1507","SAL043","Salta","Río Piedras"
"1508","SAL044","Salta","Rivadavia Banda Norte"
"1509","SAL045","Salta","Rivadavia Banda Sur"
"1510","SAL046","Salta","Rosario de La Frontera"
"1511","SAL047","Salta","Rosario de Lerma"
"1512","SAL048","Salta","Salta"
"1513","SAL049","Salta","San Antonio de Los Cobres"
"1514","SAL050","Salta","San Carlos"
"1501","SAL037","Salta","San José de Metán"
"1515","SAL051","Salta","San Ramón de La Nueva Orán"
"1516","SAL052","Salta","Santa Victoria Este"
"1517","SAL053","Salta","Santa Victoria Oeste"
"1518","SAL054","Salta","Seclantás"
"1519","SAL055","Salta","Tartagal"
"1523","SAL059","Salta","Tolar Grande"
"1520","SAL056","Salta","Urundel"
"1521","SAL057","Salta","Vaqueros"
"1522","SAL058","Salta","Villa San Lorenzo"
"2016","SJU001","San Juan","Albardón"
"2017","SJU002","San Juan","Angaco"
"2018","SJU003","San Juan","Calingasta"
"2019","SJU004","San Juan","Caucete"
"2020","SJU005","San Juan","Chimbas"
"2021","SJU006","San Juan","Iglesia"
"2022","SJU007","San Juan","Jáchal"
"2023","SJU008","San Juan","Nueve de Julio"
"2024","SJU009","San Juan","Pocito"
"2025","SJU010","San Juan","Rawson"
"2026","SJU011","San Juan","Rivadavia"
"2027","SJU012","San Juan","San Juan"
"2028","SJU013","San Juan","San Martín"
"2029","SJU014","San Juan","Santa Lucía"
"2030","SJU015","San Juan","Sarmiento"
"2031","SJU016","San Juan","Ullum"
"2032","SJU017","San Juan","Valle Fértil"
"2033","SJU018","San Juan","Veinticinco de Mayo"
"2034","SJU019","San Juan","Zonda"
"2035","SLU001","San Luis","Alto Pelado"
"2036","SLU002","San Luis","Alto Pencoso"
"2037","SLU003","San Luis","Anchorena"
"2038","SLU004","San Luis","Arizona"
"2039","SLU005","San Luis","Bagual"
"2040","SLU006","San Luis","Balde"
"2041","SLU007","San Luis","Batavia"
"2042","SLU008","San Luis","Beazley"
"2043","SLU009","San Luis","Buena Esperanza"
"2044","SLU010","San Luis","Candelaria"
"2045","SLU011","San Luis","Carolina"
"2046","SLU012","San Luis","Carpintería"
"2099","SLU065","San Luis","Ciudad de La Punta"
"2047","SLU013","San Luis","Concarán"
"2048","SLU014","San Luis","Cortaderas"
"2100","SLU066","San Luis","Desagüadero"
"2049","SLU015","San Luis","El Morro"
"2050","SLU016","San Luis","El Trapiche"
"2051","SLU017","San Luis","El Volcán"
"2052","SLU018","San Luis","Fortín El Patria"
"2053","SLU019","San Luis","Fortuna"
"2054","SLU020","San Luis","Fraga"
"2055","SLU021","San Luis","Juan Jorba"
"2056","SLU022","San Luis","Juan Llerena"
"2057","SLU023","San Luis","Juana Koslay"
"2058","SLU024","San Luis","Justo Daract"
"2059","SLU025","San Luis","La Calera"
"2060","SLU026","San Luis","La Florida"
"2061","SLU027","San Luis","La Punilla"
"2062","SLU028","San Luis","La Toma"
"2067","SLU033","San Luis","La Vertiente"
"2063","SLU029","San Luis","Lafinur"
"2064","SLU030","San Luis","Las Aguadas"
"2065","SLU031","San Luis","Las Chacras"
"2066","SLU032","San Luis","Las Lagunas"
"2068","SLU034","San Luis","Lavaisse"
"2069","SLU035","San Luis","Leandro N. Alem"
"2071","SLU037","San Luis","Los Molles"
"2072","SLU038","San Luis","Luján"
"2073","SLU039","San Luis","Merlo"
"2074","SLU040","San Luis","Naschel"
"2075","SLU041","San Luis","Navia"
"2076","SLU042","San Luis","Nogolí"
"2077","SLU043","San Luis","Nueva Galia"
"2078","SLU044","San Luis","Papagayos"
"2079","SLU045","San Luis","Paso Grande"
"2080","SLU046","San Luis","Potrero de Los Funes"
"2081","SLU047","San Luis","Quines"
"2082","SLU048","San Luis","Renca"
"2083","SLU049","San Luis","Saladillo"
"2084","SLU050","San Luis","San Francisco del Monte de Oro"
"2085","SLU051","San Luis","San Gerónimo"
"2086","SLU052","San Luis","San Luis"
"2070","SLU036","San Luis","San Martín"
"2087","SLU053","San Luis","San Pablo"
"2088","SLU054","San Luis","Santa Rosa de Conlara"
"2089","SLU055","San Luis","Talita"
"2090","SLU056","San Luis","Tilisarao"
"2091","SLU057","San Luis","Union"
"2092","SLU058","San Luis","Villa de La Quebrada"
"2093","SLU059","San Luis","Villa de Praga"
"2094","SLU060","San Luis","Villa del Carmen"
"2095","SLU061","San Luis","Villa General Roca"
"2096","SLU062","San Luis","Villa Larca"
"2097","SLU063","San Luis","Villa Mercedes"
"2098","SLU064","San Luis","Zanjitas"
"1524","SCR001","Santa Cruz","Caleta Olivia"
"1542","SCR019","Santa Cruz","Cañadón Seco"
"1525","SCR002","Santa Cruz","Comandante Luis Piedrabuena"
"1526","SCR003","Santa Cruz","El Calafate"
"1541","SCR018","Santa Cruz","El Chaltén"
"1527","SCR004","Santa Cruz","Gobernador Gregores"
"1540","SCR017","Santa Cruz","Hipólito Yrigoyen"
"1539","SCR016","Santa Cruz","Jaramillo"
"1543","SCR020","Santa Cruz","Koluel Kayke"
"1528","SCR005","Santa Cruz","Las Heras"
"1529","SCR006","Santa Cruz","Los Antiguos"
"1530","SCR007","Santa Cruz","Perito Moreno"
"1531","SCR008","Santa Cruz","Pico Truncado"
"1532","SCR009","Santa Cruz","Puerto Deseado"
"1533","SCR010","Santa Cruz","Puerto San Julián"
"1534","SCR011","Santa Cruz","Puerto Santa Cruz"
"1535","SCR012","Santa Cruz","Río Gallegos"
"1536","SCR013","Santa Cruz","Río Turbio"
"1538","SCR015","Santa Cruz","Tres Lagos"
"1537","SCR014","Santa Cruz","Veintiocho de Noviembre"
"1544","SFE001","Santa Fe","Aarón Castellanos"
"1545","SFE002","Santa Fe","Acebal"
"1546","SFE003","Santa Fe","Aguará Grande"
"1547","SFE004","Santa Fe","Albarellos"
"1548","SFE005","Santa Fe","Alcorta"
"1549","SFE006","Santa Fe","Aldao"
"1550","SFE007","Santa Fe","Alejandra"
"1551","SFE008","Santa Fe","Álvarez"
"1552","SFE009","Santa Fe","Ambrosetti"
"1553","SFE010","Santa Fe","Amenábar"
"1554","SFE011","Santa Fe","Angélica"
"1555","SFE012","Santa Fe","Angeloni"
"1556","SFE013","Santa Fe","Arequito"
"1557","SFE014","Santa Fe","Arminda"
"1558","SFE015","Santa Fe","Armstrong"
"1559","SFE016","Santa Fe","Arocena"
"1560","SFE017","Santa Fe","Arroyo Aguiar"
"1561","SFE018","Santa Fe","Arroyo Ceibal"
"1562","SFE019","Santa Fe","Arroyo Leyes"
"1563","SFE020","Santa Fe","Arroyo Seco"
"1564","SFE021","Santa Fe","Arrufó"
"1565","SFE022","Santa Fe","Arteaga"
"1566","SFE023","Santa Fe","Ataliva"
"1567","SFE024","Santa Fe","Aurelia"
"1568","SFE025","Santa Fe","Avellaneda"
"1569","SFE026","Santa Fe","Barrancas"
"1570","SFE027","Santa Fe","Bauer Y Sigel"
"1571","SFE028","Santa Fe","Bella Italia"
"1572","SFE029","Santa Fe","Berabevú"
"1573","SFE030","Santa Fe","Berna"
"1574","SFE031","Santa Fe","Bernardo de Irigoyen"
"1576","SFE033","Santa Fe","Bigand"
"1577","SFE034","Santa Fe","Bombal"
"1578","SFE035","Santa Fe","Bouquet"
"1579","SFE036","Santa Fe","Bustinza"
"1580","SFE037","Santa Fe","Cabal"
"1581","SFE038","Santa Fe","Cacique Ariacaiquín"
"1582","SFE039","Santa Fe","Cafferata"
"1583","SFE040","Santa Fe","Calchaquí"
"1584","SFE041","Santa Fe","Campo Andino"
"1585","SFE042","Santa Fe","Campo Piaggio"
"1587","SFE044","Santa Fe","Cañada de Gómez"
"1588","SFE045","Santa Fe","Cañada del Ucle"
"1589","SFE046","Santa Fe","Cañada Ombu"
"1590","SFE047","Santa Fe","Cañada Rica"
"1591","SFE048","Santa Fe","Cañada Rosquin"
"1586","SFE043","Santa Fe","Candioti"
"1592","SFE049","Santa Fe","Capitán Bermúdez"
"1593","SFE050","Santa Fe","Capivara"
"1594","SFE051","Santa Fe","Carcarañá"
"1595","SFE052","Santa Fe","Carlos Pellegrini"
"1596","SFE053","Santa Fe","Carmen"
"1597","SFE054","Santa Fe","Carmen del Sauce"
"1598","SFE055","Santa Fe","Carreras"
"1599","SFE056","Santa Fe","Carrizales"
"1600","SFE057","Santa Fe","Casalegno"
"1601","SFE058","Santa Fe","Casas"
"1602","SFE059","Santa Fe","Casilda"
"1603","SFE060","Santa Fe","Castelar"
"1604","SFE061","Santa Fe","Castellanos"
"1605","SFE062","Santa Fe","Cayastá"
"1606","SFE063","Santa Fe","Cayastacito"
"1607","SFE064","Santa Fe","Centeno"
"1608","SFE065","Santa Fe","Cepeda"
"1609","SFE066","Santa Fe","Ceres"
"1610","SFE067","Santa Fe","Chabás"
"1611","SFE068","Santa Fe","Chañar Ladeado"
"1612","SFE069","Santa Fe","Chapuy"
"1613","SFE070","Santa Fe","Chovet"
"1614","SFE071","Santa Fe","Christophersen"
"1615","SFE072","Santa Fe","Clason"
"1616","SFE073","Santa Fe","Colonia Aldao"
"1617","SFE074","Santa Fe","Colonia Ana"
"1618","SFE075","Santa Fe","Colonia Belgrano"
"1575","SFE032","Santa Fe","Colonia Bicha"
"1619","SFE076","Santa Fe","Colonia Bigand"
"1620","SFE077","Santa Fe","Colonia Bossi"
"1621","SFE078","Santa Fe","Colonia Cavour"
"1622","SFE079","Santa Fe","Colonia Cello"
"1710","SFE167","Santa Fe","Colonia Clara"
"1904","SFE362","Santa Fe","Colonia Dolores"
"1623","SFE080","Santa Fe","Colonia Dos Rosas y La Legua"
"1624","SFE081","Santa Fe","Colonia Durán"
"1659","SFE116","Santa Fe","Colonia Esther"
"1625","SFE082","Santa Fe","Colonia Iturraspe"
"1626","SFE083","Santa Fe","Colonia Margarita"
"1627","SFE084","Santa Fe","Colonia Mascías"
"1628","SFE085","Santa Fe","Colonia Raquel"
"1629","SFE086","Santa Fe","Colonia Rosa"
"1630","SFE087","Santa Fe","Colonia San José"
"1631","SFE088","Santa Fe","Constanza"
"1632","SFE089","Santa Fe","Coronda"
"1633","SFE090","Santa Fe","Coronel Arnold"
"1634","SFE091","Santa Fe","Coronel Bogado"
"1635","SFE092","Santa Fe","Coronel Fraga"
"1636","SFE093","Santa Fe","Coronel Rodolfo S. Domínguez"
"1637","SFE094","Santa Fe","Correa"
"1638","SFE095","Santa Fe","Crispi"
"1639","SFE096","Santa Fe","Cululú"
"1640","SFE097","Santa Fe","Curupaity"
"1641","SFE098","Santa Fe","Desvío Arijón"
"1642","SFE099","Santa Fe","Diaz"
"1643","SFE100","Santa Fe","Diego de Alvear"
"1644","SFE101","Santa Fe","Egusquiza"
"1645","SFE102","Santa Fe","El Arazá"
"1646","SFE103","Santa Fe","El Rabón"
"1647","SFE104","Santa Fe","El Sombrerito"
"1648","SFE105","Santa Fe","El Trébol"
"1649","SFE106","Santa Fe","Elisa"
"1650","SFE107","Santa Fe","Elortondo"
"1651","SFE108","Santa Fe","Emilia"
"1652","SFE109","Santa Fe","Empalme San Carlos"
"1653","SFE110","Santa Fe","Empalme Villa Constitución"
"1654","SFE111","Santa Fe","Esmeralda"
"1655","SFE112","Santa Fe","Esperanza"
"1656","SFE113","Santa Fe","Estación Alvear"
"1657","SFE114","Santa Fe","Estación Clucellas"
"1658","SFE115","Santa Fe","Esteban Rams"
"1660","SFE117","Santa Fe","Eusebia y Carolina"
"1661","SFE118","Santa Fe","Eustolia"
"1662","SFE119","Santa Fe","Felicia"
"1663","SFE120","Santa Fe","Fidela"
"1664","SFE121","Santa Fe","Fighiera"
"1665","SFE122","Santa Fe","Firmat"
"1666","SFE123","Santa Fe","Florencia"
"1667","SFE124","Santa Fe","Fortín Olmos"
"1668","SFE125","Santa Fe","Franck"
"1669","SFE126","Santa Fe","Fray Luis Beltrán"
"1670","SFE127","Santa Fe","Frontera"
"1671","SFE128","Santa Fe","Fuentes"
"1672","SFE129","Santa Fe","Funes"
"1673","SFE130","Santa Fe","Gaboto"
"1674","SFE131","Santa Fe","Galisteo"
"1675","SFE132","Santa Fe","Gálvez"
"1676","SFE133","Santa Fe","Garabato"
"1677","SFE134","Santa Fe","Garibaldi"
"1678","SFE135","Santa Fe","Gato Colorado"
"1679","SFE136","Santa Fe","General Gelly"
"1680","SFE137","Santa Fe","General Lagos"
"1681","SFE138","Santa Fe","Gessler"
"1682","SFE139","Santa Fe","Gobernador Crespo"
"1683","SFE140","Santa Fe","Gödeken"
"1684","SFE141","Santa Fe","Godoy"
"1685","SFE142","Santa Fe","Golondrina"
"1686","SFE143","Santa Fe","Granadero Baigorria"
"1687","SFE144","Santa Fe","Gregoria Pérez de Denis"
"1688","SFE145","Santa Fe","Grutly"
"1689","SFE146","Santa Fe","Guadalupe Norte"
"1690","SFE147","Santa Fe","Helvecia"
"1691","SFE148","Santa Fe","Hersilia"
"1692","SFE149","Santa Fe","Hipatía"
"1693","SFE150","Santa Fe","Huanqueros"
"1694","SFE151","Santa Fe","Hugentobler"
"1695","SFE152","Santa Fe","Hughes"
"1696","SFE153","Santa Fe","Humberto Primo"
"1697","SFE154","Santa Fe","Humboldt"
"1698","SFE155","Santa Fe","Ibarlucea"
"1699","SFE156","Santa Fe","Ingeniero Chanourdie"
"1700","SFE157","Santa Fe","Intiyaco"
"1701","SFE158","Santa Fe","Ituzaingó"
"1702","SFE159","Santa Fe","Jacinto L. Aráuz"
"1703","SFE160","Santa Fe","Josefina"
"1704","SFE161","Santa Fe","Juan Bernabé Molina"
"1705","SFE162","Santa Fe","Juan De Garay"
"1706","SFE163","Santa Fe","Juncal"
"1707","SFE164","Santa Fe","La Brava"
"1708","SFE165","Santa Fe","La Cabral"
"1709","SFE166","Santa Fe","La Camila"
"1712","SFE169","Santa Fe","La Chispa"
"1711","SFE168","Santa Fe","La Criolla"
"1713","SFE170","Santa Fe","La Gallareta"
"1714","SFE171","Santa Fe","La Lucila"
"1715","SFE172","Santa Fe","La Pelada"
"1716","SFE173","Santa Fe","La Penca y Caraguatá"
"1717","SFE174","Santa Fe","La Rubia"
"1718","SFE175","Santa Fe","La Sarita"
"1719","SFE176","Santa Fe","La Vanguardia"
"1720","SFE177","Santa Fe","Labordeboy"
"1721","SFE178","Santa Fe","Laguna Paiva"
"1722","SFE179","Santa Fe","Landeta"
"1723","SFE180","Santa Fe","Lanteri"
"1724","SFE181","Santa Fe","Larrechea"
"1725","SFE182","Santa Fe","Las Avispas"
"1726","SFE183","Santa Fe","Las Bandurrias"
"1727","SFE184","Santa Fe","Las Garzas"
"1728","SFE185","Santa Fe","Las Palmeras"
"1729","SFE186","Santa Fe","Las Parejas"
"1730","SFE187","Santa Fe","Las Petacas"
"1731","SFE188","Santa Fe","Las Rosas"
"1732","SFE189","Santa Fe","Las Toscas"
"1733","SFE190","Santa Fe","Las Tunas"
"1734","SFE191","Santa Fe","Lazzarino"
"1735","SFE192","Santa Fe","Lehmann"
"1736","SFE193","Santa Fe","Llambi Campbell"
"1737","SFE194","Santa Fe","Logroño"
"1738","SFE195","Santa Fe","Loma Alta"
"1739","SFE196","Santa Fe","López"
"1740","SFE197","Santa Fe","Los Amores"
"1741","SFE198","Santa Fe","Los Cardos"
"1742","SFE199","Santa Fe","Los Laureles"
"1743","SFE200","Santa Fe","Los Molinos"
"1744","SFE201","Santa Fe","Los Quirquinchos"
"1745","SFE202","Santa Fe","Lucio V. López"
"1746","SFE203","Santa Fe","Luis Palacios"
"1747","SFE204","Santa Fe","Maciel"
"1748","SFE205","Santa Fe","Maggiolo"
"1749","SFE206","Santa Fe","Malabrigo"
"1750","SFE207","Santa Fe","Marcelino Escalada"
"1751","SFE208","Santa Fe","Margarita"
"1752","SFE209","Santa Fe","María Juana"
"1753","SFE210","Santa Fe","María Luisa"
"1754","SFE211","Santa Fe","María Susana"
"1755","SFE212","Santa Fe","María Teresa"
"1756","SFE213","Santa Fe","Matilde"
"1757","SFE214","Santa Fe","Mauá"
"1758","SFE215","Santa Fe","Máximo Paz"
"1759","SFE216","Santa Fe","Melincué"
"1760","SFE217","Santa Fe","Miguel Torres"
"1761","SFE218","Santa Fe","Moisés Ville"
"1762","SFE219","Santa Fe","Monigotes"
"1763","SFE220","Santa Fe","Monje"
"1764","SFE221","Santa Fe","Monte Oscuridad"
"1765","SFE222","Santa Fe","Monte Vera"
"1766","SFE223","Santa Fe","Montefiore"
"1767","SFE224","Santa Fe","Montes de Oca"
"1768","SFE225","Santa Fe","Murphy"
"1772","SFE229","Santa Fe","Ñanducita"
"1769","SFE226","Santa Fe","Naré"
"1770","SFE227","Santa Fe","Nelson"
"1905","SFE363","Santa Fe","Nicanor Molinas"
"1771","SFE228","Santa Fe","Nuevo Torino"
"1773","SFE230","Santa Fe","Oliveros"
"1774","SFE231","Santa Fe","Palacios"
"1775","SFE232","Santa Fe","Pavón"
"1776","SFE233","Santa Fe","Pavón Arriba"
"1777","SFE234","Santa Fe","Pedro Gómez Cello"
"1778","SFE235","Santa Fe","Pérez"
"1779","SFE236","Santa Fe","Peyrano"
"1780","SFE237","Santa Fe","Piamonte"
"1781","SFE238","Santa Fe","Pilar"
"1782","SFE239","Santa Fe","Piñero"
"1783","SFE240","Santa Fe","Plaza Clucellas"
"1784","SFE241","Santa Fe","Portugalete"
"1785","SFE242","Santa Fe","Pozo Borrado"
"1786","SFE243","Santa Fe","Presidente Roca"
"1787","SFE244","Santa Fe","Progreso"
"1788","SFE245","Santa Fe","Providencia"
"1789","SFE246","Santa Fe","Pueblo Andino"
"1790","SFE247","Santa Fe","Pueblo Esther"
"1791","SFE248","Santa Fe","Pueblo Irigoyen"
"1792","SFE249","Santa Fe","Pueblo Marini"
"1793","SFE250","Santa Fe","Pueblo Muñoz"
"1794","SFE251","Santa Fe","Pueblo Uranga"
"1795","SFE252","Santa Fe","Puerto General San Martín"
"1796","SFE253","Santa Fe","Pujato"
"1797","SFE254","Santa Fe","Pujato Norte"
"1798","SFE255","Santa Fe","Rafaela"
"1799","SFE256","Santa Fe","Ramayón"
"1800","SFE257","Santa Fe","Ramona"
"1801","SFE258","Santa Fe","Reconquista"
"1802","SFE259","Santa Fe","Recreo"
"1803","SFE260","Santa Fe","Ricardone"
"1804","SFE261","Santa Fe","Rivadavia"
"1805","SFE262","Santa Fe","Roldán"
"1806","SFE263","Santa Fe","Romang"
"1807","SFE264","Santa Fe","Rosario"
"1808","SFE265","Santa Fe","Rueda"
"1809","SFE266","Santa Fe","Rufino"
"1810","SFE267","Santa Fe","Sa Pereira"
"1811","SFE268","Santa Fe","Saguier"
"1812","SFE269","Santa Fe","Saladero Mariano Cabal"
"1813","SFE270","Santa Fe","Salto Grande"
"1814","SFE271","Santa Fe","San Agustín"
"1815","SFE272","Santa Fe","San Antonio"
"1816","SFE273","Santa Fe","San Antonio de Obligado"
"1817","SFE274","Santa Fe","San Bernardo N J"
"1818","SFE275","Santa Fe","San Bernardo S J"
"1819","SFE276","Santa Fe","San Carlos Centro"
"1820","SFE277","Santa Fe","San Carlos Norte"
"1821","SFE278","Santa Fe","San Carlos Sud"
"1822","SFE279","Santa Fe","San Cristóbal"
"1823","SFE280","Santa Fe","San Eduardo"
"1824","SFE281","Santa Fe","San Eugenio"
"1825","SFE282","Santa Fe","San Fabián"
"1826","SFE283","Santa Fe","San Francisco de Santa Fe"
"1827","SFE284","Santa Fe","San Genaro"
"1828","SFE286","Santa Fe","San Gregorio"
"1829","SFE287","Santa Fe","San Guillermo"
"1830","SFE288","Santa Fe","San Javier"
"1831","SFE289","Santa Fe","San Jerónimo del Sauce"
"1832","SFE290","Santa Fe","San Jerónimo Norte"
"1833","SFE291","Santa Fe","San Jerónimo Sud"
"1834","SFE292","Santa Fe","San Jorge"
"1835","SFE293","Santa Fe","San José de La Esquina"
"1836","SFE294","Santa Fe","San José del Rincón"
"1837","SFE295","Santa Fe","San Justo"
"1838","SFE296","Santa Fe","San Lorenzo"
"1839","SFE297","Santa Fe","San Mariano"
"1840","SFE298","Santa Fe","San Martín de Las Escobas"
"1841","SFE299","Santa Fe","San Martín Norte"
"1842","SFE300","Santa Fe","San Vicente"
"1843","SFE301","Santa Fe","Sancti Spiritu"
"1844","SFE302","Santa Fe","Sanford"
"1845","SFE303","Santa Fe","Santa Clara de Buena Vista"
"1846","SFE304","Santa Fe","Santa Clara de Saguier"
"1847","SFE305","Santa Fe","Santa Fe"
"1848","SFE306","Santa Fe","Santa Isabel"
"1849","SFE307","Santa Fe","Santa Margarita"
"1850","SFE308","Santa Fe","Santa María Centro"
"1851","SFE309","Santa Fe","Santa María Norte"
"1852","SFE310","Santa Fe","Santa Rosa de Calchines"
"1853","SFE311","Santa Fe","Santa Teresa"
"1854","SFE312","Santa Fe","Santo Domingo"
"1855","SFE313","Santa Fe","Santo Tomé"
"1856","SFE314","Santa Fe","Santurce"
"1857","SFE315","Santa Fe","Sargento Cabral"
"1858","SFE316","Santa Fe","Sarmiento"
"1859","SFE317","Santa Fe","Sastre"
"1860","SFE318","Santa Fe","Sauce Viejo"
"1861","SFE319","Santa Fe","Serodino"
"1862","SFE320","Santa Fe","Silva"
"1863","SFE321","Santa Fe","Soldini"
"1864","SFE322","Santa Fe","Soledad"
"1865","SFE323","Santa Fe","Soutomayor"
"1866","SFE324","Santa Fe","Suardi"
"1867","SFE325","Santa Fe","Sunchales"
"1868","SFE326","Santa Fe","Susana"
"1869","SFE327","Santa Fe","Tacuarendí"
"1870","SFE328","Santa Fe","Tacural"
"1871","SFE329","Santa Fe","Tacurales"
"1872","SFE330","Santa Fe","Tartagal"
"1873","SFE331","Santa Fe","Teodelina"
"1874","SFE332","Santa Fe","Theobald"
"1875","SFE333","Santa Fe","Timbúes"
"1876","SFE334","Santa Fe","Toba"
"1877","SFE335","Santa Fe","Tortugas"
"1878","SFE336","Santa Fe","Tostado"
"1879","SFE337","Santa Fe","Totoras"
"1880","SFE338","Santa Fe","Traill"
"1881","SFE339","Santa Fe","Venado Tuerto"
"1882","SFE340","Santa Fe","Vera"
"1883","SFE341","Santa Fe","Vera y Pintado"
"1884","SFE342","Santa Fe","Videla"
"1885","SFE343","Santa Fe","Vila"
"1886","SFE344","Santa Fe","Villa Amelia"
"1887","SFE345","Santa Fe","Villa Ana"
"1888","SFE346","Santa Fe","Villa Cañás"
"1889","SFE347","Santa Fe","Villa Constitución"
"1890","SFE348","Santa Fe","Villa Eloisa"
"1891","SFE349","Santa Fe","Villa Gobernador Gálvez"
"1892","SFE350","Santa Fe","Villa Guillermina"
"1893","SFE351","Santa Fe","Villa Minetti"
"1894","SFE352","Santa Fe","Villa Mugueta"
"1895","SFE353","Santa Fe","Villa Ocampo"
"1896","SFE354","Santa Fe","Villa San José"
"1897","SFE355","Santa Fe","Villa Saralegui"
"1898","SFE356","Santa Fe","Villa Trinidad"
"1899","SFE357","Santa Fe","Villada"
"1900","SFE358","Santa Fe","Virginia"
"1901","SFE359","Santa Fe","Wheelwright"
"1902","SFE360","Santa Fe","Zavalla"
"1903","SFE361","Santa Fe","Zenón Pereyra"
"1906","SGO001","Santiago del Estero","Añatuya"
"1907","SGO003","Santiago del Estero","Árraga"
"1908","SGO004","Santiago del Estero","Bandera"
"1909","SGO005","Santiago del Estero","Bandera Bajada"
"1910","SGO006","Santiago del Estero","Beltrán"
"1911","SGO007","Santiago del Estero","Brea Pozo"
"1912","SGO008","Santiago del Estero","Campo Gallo"
"1977","SGO100","Santiago del Estero","Chaupi Pozo"
"1913","SGO010","Santiago del Estero","Chilca Juliana"
"1914","SGO011","Santiago del Estero","Choya"
"1915","SGO012","Santiago del Estero","Clodomira"
"1916","SGO013","Santiago del Estero","Colonia Alpina"
"1917","SGO014","Santiago del Estero","Colonia Dora"
"1918","SGO015","Santiago del Estero","Colonia El Simbolar"
"1978","SGO101","Santiago del Estero","Colonia San Juan"
"1979","SGO102","Santiago del Estero","Colonia Tinco"
"1980","SGO103","Santiago del Estero","Cuatro Bocas"
"1982","SGO105","Santiago del Estero","Doña Luisa"
"1981","SGO104","Santiago del Estero","Donadeu"
"1983","SGO106","Santiago del Estero","El Arenal"
"1919","SGO020","Santiago del Estero","El Bobadal"
"1984","SGO107","Santiago del Estero","El Caburé"
"1920","SGO024","Santiago del Estero","El Charco"
"1985","SGO108","Santiago del Estero","El Colorado"
"1986","SGO109","Santiago del Estero","El Cuadrado"
"1921","SGO025","Santiago del Estero","El Mojón"
"1922","SGO027","Santiago del Estero","Estación Atamisqui"
"1987","SGO110","Santiago del Estero","Estación Robles"
"1959","SGO072","Santiago del Estero","Estación Simbolar"
"1923","SGO029","Santiago del Estero","Fernández"
"1924","SGO030","Santiago del Estero","Fortín Inca"
"1925","SGO031","Santiago del Estero","Frías"
"1926","SGO032","Santiago del Estero","Garza"
"1927","SGO033","Santiago del Estero","Gramilla"
"1988","SGO111","Santiago del Estero","Guampacha"
"1928","SGO034","Santiago del Estero","Guardia Escolta"
"1929","SGO035","Santiago del Estero","Herrera"
"1930","SGO036","Santiago del Estero","Icaño"
"1931","SGO037","Santiago del Estero","Ingeniero Forres"
"1989","SGO112","Santiago del Estero","La Aurora"
"1932","SGO039","Santiago del Estero","La Banda"
"1933","SGO040","Santiago del Estero","La Cañada"
"1990","SGO113","Santiago del Estero","La Dársena"
"1991","SGO114","Santiago del Estero","La Invernada"
"1934","SGO042","Santiago del Estero","Laprida"
"1992","SGO115","Santiago del Estero","Las Delicias"
"1993","SGO116","Santiago del Estero","Las Tinajas"
"1935","SGO044","Santiago del Estero","Lavalle"
"1936","SGO045","Santiago del Estero","Loreto"
"1937","SGO046","Santiago del Estero","Los Juríes"
"1938","SGO047","Santiago del Estero","Los Nuñez"
"1939","SGO048","Santiago del Estero","Los Pirpintos"
"1940","SGO049","Santiago del Estero","Los Quiroga"
"1941","SGO050","Santiago del Estero","Los Telares"
"1942","SGO051","Santiago del Estero","Lugones"
"1943","SGO052","Santiago del Estero","Malbrán"
"1994","SGO117","Santiago del Estero","Manogasta"
"1944","SGO054","Santiago del Estero","Matará"
"1945","SGO055","Santiago del Estero","Medellín"
"1946","SGO056","Santiago del Estero","Monte Quemado"
"1947","SGO057","Santiago del Estero","Nueva Esperanza"
"1948","SGO058","Santiago del Estero","Nueva Francia"
"1995","SGO118","Santiago del Estero","Otumpa"
"1949","SGO059","Santiago del Estero","Palo Negro"
"1950","SGO060","Santiago del Estero","Pampa de Los Guanacos"
"1996","SGO119","Santiago del Estero","Patay"
"1951","SGO061","Santiago del Estero","Pinto"
"1997","SGO120","Santiago del Estero","Pozo Betbeder"
"1998","SGO121","Santiago del Estero","Pozo del Toba"
"1952","SGO062","Santiago del Estero","Pozo Hondo"
"1999","SGO122","Santiago del Estero","Pozuelos"
"2000","SGO123","Santiago del Estero","Quebracho Coto"
"1953","SGO064","Santiago del Estero","Quimilí"
"2001","SGO124","Santiago del Estero","Ramírez De Velazco"
"2002","SGO125","Santiago del Estero","Rapelli"
"1954","SGO066","Santiago del Estero","Real Sayana"
"2003","SGO126","Santiago del Estero","Sabagasta"
"1955","SGO067","Santiago del Estero","Sachayoj"
"2004","SGO127","Santiago del Estero","San José del Boquerón"
"2005","SGO128","Santiago del Estero","San Pedro"
"1956","SGO068","Santiago del Estero","San Pedro de Guasayán"
"1957","SGO069","Santiago del Estero","Santiago del Estero"
"2006","SGO129","Santiago del Estero","Santos Lugares"
"1958","SGO071","Santiago del Estero","Selva"
"1960","SGO073","Santiago del Estero","Sol de Julio"
"1961","SGO074","Santiago del Estero","Sumampa"
"1962","SGO075","Santiago del Estero","Suncho Corral"
"1963","SGO076","Santiago del Estero","Taboada"
"2007","SGO130","Santiago del Estero","Tacañitas"
"1964","SGO077","Santiago del Estero","Tapso"
"1965","SGO078","Santiago del Estero","Termas de Río Hondo"
"1966","SGO079","Santiago del Estero","Tintina"
"1967","SGO080","Santiago del Estero","Tomás Young"
"1968","SGO081","Santiago del Estero","Vilelas"
"1969","SGO082","Santiago del Estero","Villa Atamisqui"
"2008","SGO131","Santiago del Estero","Villa Figueroa"
"2009","SGO132","Santiago del Estero","Villa Guasayán"
"1970","SGO084","Santiago del Estero","Villa La Punta"
"2010","SGO133","Santiago del Estero","Villa Mailín"
"2011","SGO134","Santiago del Estero","Villa Matoque"
"1971","SGO085","Santiago del Estero","Villa Ojo de Agua"
"1972","SGO086","Santiago del Estero","Villa Río Hondo"
"2012","SGO135","Santiago del Estero","Villa Robles"
"1973","SGO088","Santiago del Estero","Villa Salavina"
"2013","SGO136","Santiago del Estero","Villa Silípica"
"1974","SGO090","Santiago del Estero","Villa Union"
"2014","SGO137","Santiago del Estero","Villa Zanjón"
"1975","SGO091","Santiago del Estero","Vilmer"
"2015","SGO138","Santiago del Estero","Vinara"
"1976","SGO093","Santiago del Estero","Weisburd"
"2101","TDF001","Tierra del Fuego","Río Grande"
"2102","TDF002","Tierra del Fuego","Tolhuin"
"2103","TDF003","Tierra del Fuego","Ushuaia"
"2104","TUC001","Tucumán","Acheral"
"2105","TUC002","Tucumán","Agua Dulce y La Soledad"
"2106","TUC003","Tucumán","Aguilares"
"2107","TUC004","Tucumán","Alderetes"
"2108","TUC005","Tucumán","Alpachiri y El Molino"
"2109","TUC006","Tucumán","Alto Verde y Los Gucheas"
"2110","TUC007","Tucumán","Amaichá del Valle"
"2111","TUC008","Tucumán","Amberes"
"2112","TUC009","Tucumán","Anca Juli"
"2113","TUC010","Tucumán","Arcadia"
"2114","TUC011","Tucumán","Atahona"
"2115","TUC012","Tucumán","Banda del Río Salí"
"2116","TUC013","Tucumán","Bella Vista"
"2117","TUC014","Tucumán","Buena Vista"
"2118","TUC015","Tucumán","Burruyacú"
"2119","TUC016","Tucumán","Capitán Cáceres"
"2120","TUC017","Tucumán","Cevil Redondo"
"2121","TUC018","Tucumán","Choromoro"
"2122","TUC019","Tucumán","Ciudacita"
"2123","TUC020","Tucumán","Colalao del Valle"
"2124","TUC021","Tucumán","Colombres"
"2125","TUC022","Tucumán","Concepción"
"2126","TUC023","Tucumán","Delfín Gallo"
"2127","TUC024","Tucumán","El Bracho y El Cevilar"
"2128","TUC025","Tucumán","El Cadillal"
"2129","TUC026","Tucumán","El Cercado"
"2130","TUC027","Tucumán","El Chañar"
"2131","TUC028","Tucumán","El Manantial"
"2132","TUC029","Tucumán","El Mojón"
"2133","TUC030","Tucumán","El Mollar"
"2134","TUC031","Tucumán","El Naranjito"
"2135","TUC032","Tucumán","El Naranjo y El Sunchal"
"2136","TUC033","Tucumán","El Polear"
"2137","TUC034","Tucumán","El Puestito"
"2138","TUC035","Tucumán","El Sacrificio"
"2139","TUC036","Tucumán","El Timbó"
"2140","TUC037","Tucumán","Escaba"
"2141","TUC038","Tucumán","Esquina y Mancopa"
"2142","TUC039","Tucumán","Estación Araoz y Tacanas"
"2143","TUC040","Tucumán","Famaillá"
"2144","TUC041","Tucumán","Gastona y Belicha"
"2145","TUC042","Tucumán","Gobernador Garmendia"
"2146","TUC043","Tucumán","Gobernador Piedrabuena"
"2147","TUC044","Tucumán","Graneros"
"2148","TUC045","Tucumán","Huasa Pampa"
"2149","TUC046","Tucumán","Juan Bautista Alberdi"
"2150","TUC047","Tucumán","La Cocha"
"2151","TUC048","Tucumán","La Esperanza"
"2152","TUC049","Tucumán","La Florida y Luisiana"
"2153","TUC050","Tucumán","La Ramada y La Cruz"
"2154","TUC051","Tucumán","La Trinidad"
"2155","TUC052","Tucumán","Lamadrid"
"2156","TUC053","Tucumán","Las Cejas"
"2157","TUC054","Tucumán","Las Talas"
"2158","TUC055","Tucumán","Las Talitas"
"2159","TUC056","Tucumán","Los Bulacio y Los Villagra"
"2160","TUC057","Tucumán","Los Gómez"
"2161","TUC058","Tucumán","Los Nogales"
"2162","TUC059","Tucumán","Los Pereyras"
"2163","TUC060","Tucumán","Los Pérez"
"2164","TUC061","Tucumán","Los Puestos"
"2165","TUC062","Tucumán","Los Ralos"
"2166","TUC063","Tucumán","Los Sarmientos y La Tipa"
"2167","TUC064","Tucumán","Los Sosas"
"2168","TUC065","Tucumán","Lules"
"2169","TUC066","Tucumán","Manuel García Fernández"
"2170","TUC067","Tucumán","Manuela Pedraza"
"2171","TUC068","Tucumán","Medinas"
"2172","TUC069","Tucumán","Monte Bello"
"2173","TUC070","Tucumán","Monteagudo"
"2174","TUC071","Tucumán","Monteros"
"2175","TUC072","Tucumán","Padre Monti"
"2176","TUC073","Tucumán","Pampa Mayo"
"2177","TUC074","Tucumán","Quilmes y Los Sueldos"
"2178","TUC075","Tucumán","Raco"
"2179","TUC076","Tucumán","Ranchillos y San Miguel"
"2181","TUC078","Tucumán","Río Chico y Nueva Trinidad"
"2180","TUC077","Tucumán","Río Colorado"
"2182","TUC079","Tucumán","Río Seco"
"2183","TUC080","Tucumán","Rumi Punco"
"2184","TUC081","Tucumán","San Andrés"
"2185","TUC082","Tucumán","San Felipe y Santa Bárbara"
"2186","TUC083","Tucumán","San Ignacio"
"2187","TUC084","Tucumán","San Javier"
"2188","TUC085","Tucumán","San José de La Cocha"
"2189","TUC086","Tucumán","San Miguel de Tucumán"
"2190","TUC087","Tucumán","San Pablo y Villa Nougués"
"2191","TUC088","Tucumán","San Pedro de Colalao"
"2192","TUC089","Tucumán","San Pedro y San Antonio"
"2193","TUC090","Tucumán","Santa Ana"
"2194","TUC091","Tucumán","Santa Cruz y La Tuna"
"2195","TUC092","Tucumán","Santa Lucía"
"2196","TUC093","Tucumán","Santa Rosa de Leales"
"2197","TUC094","Tucumán","Santa Rosa y Los Rojo"
"2198","TUC095","Tucumán","Sargento Moya"
"2199","TUC096","Tucumán","Siete de Abril"
"2200","TUC097","Tucumán","Simoca"
"2201","TUC098","Tucumán","Soldado Maldonado"
"2202","TUC099","Tucumán","Taco Ralo"
"2203","TUC100","Tucumán","Tafí del Valle"
"2204","TUC101","Tucumán","Tafí Viejo"
"2205","TUC102","Tucumán","Tapia"
"2206","TUC103","Tucumán","Teniente Berdina"
"2207","TUC104","Tucumán","Trancas"
"2208","TUC105","Tucumán","Villa Belgrano"
"2209","TUC106","Tucumán","Villa Benjamín Araoz"
"2210","TUC107","Tucumán","Villa Chigligasta"
"2211","TUC108","Tucumán","Villa de Leales"
"2212","TUC109","Tucumán","Villa Quinteros"
"2213","TUC110","Tucumán","Yánima"
"2215","TUC112","Tucumán","Yerba Buena"
"2214","TUC111","Tucumán","Yerba Buena S"
         